HITId,AssignmentId,WorkerId,AcceptTime,SubmitTime,WorkTimeInSeconds,Input.storageLink,Input.tags,Answer.nomore,Answer.notpossible,Answer.selectedtags_tags
8,1,17,Sun Nov 24 13:23:09 PST 2019,Sun Nov 24 13:41:14 PST 2019,1085,j_70OVLHHPc.mp4,Europe_###_stage_###_auditorium_###_sound stage_###_tourist attraction_###_atmosphere of earth_###_music venue_###_vehicle door_###_theatre_###_nightclub_###_earth,{},{},"[""sound stage"",""vehicle door"",""stage"",""auditorium""]"
8,2,10,Sun Nov 24 13:23:39 PST 2019,Sun Nov 24 13:28:44 PST 2019,305,j_70OVLHHPc.mp4,Europe_###_stage_###_auditorium_###_sound stage_###_tourist attraction_###_atmosphere of earth_###_music venue_###_vehicle door_###_theatre_###_nightclub_###_earth,{},{},"[""auditorium"",""vehicle door"",""stage"",""earth""]"
8,3,2,Sun Nov 24 13:27:42 PST 2019,Sun Nov 24 13:35:36 PST 2019,474,j_70OVLHHPc.mp4,Europe_###_stage_###_auditorium_###_sound stage_###_tourist attraction_###_atmosphere of earth_###_music venue_###_vehicle door_###_theatre_###_nightclub_###_earth,{},{},"[""vehicle door"",""auditorium"",""stage""]"
8,4,9,Sun Nov 24 13:39:26 PST 2019,Sun Nov 24 13:59:07 PST 2019,1181,j_70OVLHHPc.mp4,Europe_###_stage_###_auditorium_###_sound stage_###_tourist attraction_###_atmosphere of earth_###_music venue_###_vehicle door_###_theatre_###_nightclub_###_earth,{},{},"[""theatre"",""auditorium"",""sound stage""]"
8,5,5,Sun Nov 24 13:28:41 PST 2019,Sun Nov 24 13:36:36 PST 2019,475,j_70OVLHHPc.mp4,Europe_###_stage_###_auditorium_###_sound stage_###_tourist attraction_###_atmosphere of earth_###_music venue_###_vehicle door_###_theatre_###_nightclub_###_earth,{},{},"[""Europe"",""auditorium"",""earth"",""tourist attraction"",""stage"",""sound stage"",""music venue"",""theatre""]"
8,6,19,Sun Nov 24 13:30:27 PST 2019,Sun Nov 24 13:35:45 PST 2019,318,j_70OVLHHPc.mp4,Europe_###_stage_###_auditorium_###_sound stage_###_tourist attraction_###_atmosphere of earth_###_music venue_###_vehicle door_###_theatre_###_nightclub_###_earth,{},{},"[""auditorium"",""stage"",""theatre"",""sound stage"",""vehicle door""]"
8,7,16,Sun Nov 24 13:35:58 PST 2019,Sun Nov 24 13:41:47 PST 2019,349,j_70OVLHHPc.mp4,Europe_###_stage_###_auditorium_###_sound stage_###_tourist attraction_###_atmosphere of earth_###_music venue_###_vehicle door_###_theatre_###_nightclub_###_earth,{},{},"[""auditorium"",""Europe"",""vehicle door"",""sound stage"",""stage""]"
8,8,4,Sun Nov 24 13:35:10 PST 2019,Sun Nov 24 13:45:42 PST 2019,632,j_70OVLHHPc.mp4,Europe_###_stage_###_auditorium_###_sound stage_###_tourist attraction_###_atmosphere of earth_###_music venue_###_vehicle door_###_theatre_###_nightclub_###_earth,{},{},"[""vehicle door"",""stage"",""sound stage""]"
8,9,7,Sun Nov 24 13:23:22 PST 2019,Sun Nov 24 13:28:44 PST 2019,322,j_70OVLHHPc.mp4,Europe_###_stage_###_auditorium_###_sound stage_###_tourist attraction_###_atmosphere of earth_###_music venue_###_vehicle door_###_theatre_###_nightclub_###_earth,{},{},"[""sound stage"",""stage"",""auditorium""]"
8,10,22,Sun Nov 24 13:29:12 PST 2019,Sun Nov 24 13:41:38 PST 2019,746,j_70OVLHHPc.mp4,Europe_###_stage_###_auditorium_###_sound stage_###_tourist attraction_###_atmosphere of earth_###_music venue_###_vehicle door_###_theatre_###_nightclub_###_earth,{},{},"[""theatre"",""sound stage"",""auditorium"",""vehicle door"",""stage""]"
8,11,12,Sun Nov 24 13:23:26 PST 2019,Sun Nov 24 13:25:49 PST 2019,143,j_70OVLHHPc.mp4,Europe_###_stage_###_auditorium_###_sound stage_###_tourist attraction_###_atmosphere of earth_###_music venue_###_vehicle door_###_theatre_###_nightclub_###_earth,{},{},"[""sound stage"",""stage"",""auditorium""]"
8,12,13,Sun Nov 24 13:27:42 PST 2019,Sun Nov 24 13:32:06 PST 2019,264,j_70OVLHHPc.mp4,Europe_###_stage_###_auditorium_###_sound stage_###_tourist attraction_###_atmosphere of earth_###_music venue_###_vehicle door_###_theatre_###_nightclub_###_earth,{},{},"[""vehicle door"",""theatre"",""stage"",""auditorium""]"
8,13,21,Sun Nov 24 13:22:39 PST 2019,Sun Nov 24 13:32:09 PST 2019,570,j_70OVLHHPc.mp4,Europe_###_stage_###_auditorium_###_sound stage_###_tourist attraction_###_atmosphere of earth_###_music venue_###_vehicle door_###_theatre_###_nightclub_###_earth,{},{},"[""theatre"",""stage"",""vehicle door""]"
8,14,8,Sun Nov 24 13:24:17 PST 2019,Sun Nov 24 13:29:17 PST 2019,300,j_70OVLHHPc.mp4,Europe_###_stage_###_auditorium_###_sound stage_###_tourist attraction_###_atmosphere of earth_###_music venue_###_vehicle door_###_theatre_###_nightclub_###_earth,{},{},"[""vehicle door"",""stage"",""auditorium""]"
8,15,20,Sun Nov 24 13:36:15 PST 2019,Sun Nov 24 13:50:06 PST 2019,831,j_70OVLHHPc.mp4,Europe_###_stage_###_auditorium_###_sound stage_###_tourist attraction_###_atmosphere of earth_###_music venue_###_vehicle door_###_theatre_###_nightclub_###_earth,{},{},"[""stage"",""theatre"",""sound stage"",""auditorium""]"
2,16,22,Sun Nov 24 13:27:04 PST 2019,Sun Nov 24 13:34:26 PST 2019,442,j_70OVLHHPc.mp4,window_###_architecture_###_biome_###_structure_###_television studio_###_ecosystem_###_sport venue_###_function hall_###_sky_###_daylighting,{},{},"[""sky"",""architecture"",""structure""]"
2,17,8,Sun Nov 24 13:26:17 PST 2019,Sun Nov 24 13:32:36 PST 2019,379,j_70OVLHHPc.mp4,window_###_architecture_###_biome_###_structure_###_television studio_###_ecosystem_###_sport venue_###_function hall_###_sky_###_daylighting,{},{},"[""sky"",""window"",""structure"",""architecture""]"
2,18,4,Sun Nov 24 13:35:08 PST 2019,Sun Nov 24 13:43:12 PST 2019,484,j_70OVLHHPc.mp4,window_###_architecture_###_biome_###_structure_###_television studio_###_ecosystem_###_sport venue_###_function hall_###_sky_###_daylighting,{},{},"[""function hall"",""sport venue"",""television studio""]"
2,19,5,Sun Nov 24 13:26:16 PST 2019,Sun Nov 24 13:30:31 PST 2019,255,j_70OVLHHPc.mp4,window_###_architecture_###_biome_###_structure_###_television studio_###_ecosystem_###_sport venue_###_function hall_###_sky_###_daylighting,{},{},"[""television studio"",""function hall"",""structure""]"
2,20,23,Sun Nov 24 13:32:45 PST 2019,Sun Nov 24 13:35:45 PST 2019,180,j_70OVLHHPc.mp4,window_###_architecture_###_biome_###_structure_###_television studio_###_ecosystem_###_sport venue_###_function hall_###_sky_###_daylighting,None of the other tags are relevant to any locations or places shown in the video.,{},"[""structure""]"
2,21,7,Sun Nov 24 13:22:46 PST 2019,Sun Nov 24 13:26:01 PST 2019,195,j_70OVLHHPc.mp4,window_###_architecture_###_biome_###_structure_###_television studio_###_ecosystem_###_sport venue_###_function hall_###_sky_###_daylighting,{},{},"[""structure"",""function hall"",""television studio""]"
2,22,2,Sun Nov 24 13:35:37 PST 2019,Sun Nov 24 13:50:45 PST 2019,908,j_70OVLHHPc.mp4,window_###_architecture_###_biome_###_structure_###_television studio_###_ecosystem_###_sport venue_###_function hall_###_sky_###_daylighting,{},{},"[""structure"",""function hall"",""daylighting"",""window"",""architecture""]"
2,23,21,Sun Nov 24 13:22:34 PST 2019,Sun Nov 24 13:27:11 PST 2019,277,j_70OVLHHPc.mp4,window_###_architecture_###_biome_###_structure_###_television studio_###_ecosystem_###_sport venue_###_function hall_###_sky_###_daylighting,{},{},"[""architecture"",""structure"",""television studio""]"
2,24,9,Sun Nov 24 13:37:21 PST 2019,Sun Nov 24 13:42:21 PST 2019,300,j_70OVLHHPc.mp4,window_###_architecture_###_biome_###_structure_###_television studio_###_ecosystem_###_sport venue_###_function hall_###_sky_###_daylighting,{},{},"[""sky"",""architecture"",""ecosystem""]"
2,25,20,Sun Nov 24 13:29:38 PST 2019,Sun Nov 24 13:33:37 PST 2019,239,j_70OVLHHPc.mp4,window_###_architecture_###_biome_###_structure_###_television studio_###_ecosystem_###_sport venue_###_function hall_###_sky_###_daylighting,"The main areas are a showroom and a bedroom, other tags are not locations",{},"[""television studio""]"
2,26,10,Sun Nov 24 13:23:37 PST 2019,Sun Nov 24 13:27:54 PST 2019,257,j_70OVLHHPc.mp4,window_###_architecture_###_biome_###_structure_###_television studio_###_ecosystem_###_sport venue_###_function hall_###_sky_###_daylighting,{},{},"[""daylighting"",""function hall"",""structure""]"
2,27,13,Sun Nov 24 13:29:28 PST 2019,Sun Nov 24 13:37:09 PST 2019,461,j_70OVLHHPc.mp4,window_###_architecture_###_biome_###_structure_###_television studio_###_ecosystem_###_sport venue_###_function hall_###_sky_###_daylighting,{},none of the tags are relevant to the video,[]
2,28,17,Sun Nov 24 13:23:06 PST 2019,Sun Nov 24 13:40:23 PST 2019,1037,j_70OVLHHPc.mp4,window_###_architecture_###_biome_###_structure_###_television studio_###_ecosystem_###_sport venue_###_function hall_###_sky_###_daylighting,{},{},"[""television studio"",""sport venue"",""window"",""function hall""]"
2,29,12,Sun Nov 24 13:24:08 PST 2019,Sun Nov 24 13:34:14 PST 2019,606,j_70OVLHHPc.mp4,window_###_architecture_###_biome_###_structure_###_television studio_###_ecosystem_###_sport venue_###_function hall_###_sky_###_daylighting,{},{},"[""function hall"",""window"",""architecture""]"
2,30,19,Sun Nov 24 13:30:20 PST 2019,Sun Nov 24 13:32:11 PST 2019,111,j_70OVLHHPc.mp4,window_###_architecture_###_biome_###_structure_###_television studio_###_ecosystem_###_sport venue_###_function hall_###_sky_###_daylighting,{},{},"[""television studio"",""structure"",""function hall""]"
1,31,21,Sun Nov 24 13:25:19 PST 2019,Sun Nov 24 13:37:22 PST 2019,723,vuk9mP0Vz7M.mp4,sky_###_music venue_###_display window_###_nightclub_###_retail_###_structure_###_ecosystem_###_stage_###_sound stage_###_atmosphere of earth_###_country_###_cities,{},{},"[""country"",""sound stage"",""stage""]"
1,32,22,Sun Nov 24 13:25:32 PST 2019,Sun Nov 24 13:38:45 PST 2019,793,vuk9mP0Vz7M.mp4,sky_###_music venue_###_display window_###_nightclub_###_retail_###_structure_###_ecosystem_###_stage_###_sound stage_###_atmosphere of earth_###_country_###_cities,{},{},"[""stage"",""sound stage"",""structure""]"
1,33,10,Sun Nov 24 13:24:03 PST 2019,Sun Nov 24 13:32:56 PST 2019,533,vuk9mP0Vz7M.mp4,sky_###_music venue_###_display window_###_nightclub_###_retail_###_structure_###_ecosystem_###_stage_###_sound stage_###_atmosphere of earth_###_country_###_cities,{},{},"[""country"",""stage"",""sound stage""]"
1,34,9,Sun Nov 24 13:43:46 PST 2019,Sun Nov 24 14:03:05 PST 2019,1159,vuk9mP0Vz7M.mp4,sky_###_music venue_###_display window_###_nightclub_###_retail_###_structure_###_ecosystem_###_stage_###_sound stage_###_atmosphere of earth_###_country_###_cities,{},{},"[""structure"",""stage"",""cities""]"
1,35,23,Sun Nov 24 13:32:44 PST 2019,Sun Nov 24 13:35:14 PST 2019,150,vuk9mP0Vz7M.mp4,sky_###_music venue_###_display window_###_nightclub_###_retail_###_structure_###_ecosystem_###_stage_###_sound stage_###_atmosphere of earth_###_country_###_cities,{},{},"[""sound stage"",""stage"",""structure""]"
1,36,8,Sun Nov 24 13:26:22 PST 2019,Sun Nov 24 13:37:54 PST 2019,692,vuk9mP0Vz7M.mp4,sky_###_music venue_###_display window_###_nightclub_###_retail_###_structure_###_ecosystem_###_stage_###_sound stage_###_atmosphere of earth_###_country_###_cities,{},{},"[""country"",""cities"",""stage""]"
1,37,16,Sun Nov 24 13:36:27 PST 2019,Sun Nov 24 13:54:01 PST 2019,1054,vuk9mP0Vz7M.mp4,sky_###_music venue_###_display window_###_nightclub_###_retail_###_structure_###_ecosystem_###_stage_###_sound stage_###_atmosphere of earth_###_country_###_cities,{},{},"[""stage"",""country"",""sound stage""]"
1,38,12,Sun Nov 24 13:24:02 PST 2019,Sun Nov 24 13:33:07 PST 2019,545,vuk9mP0Vz7M.mp4,sky_###_music venue_###_display window_###_nightclub_###_retail_###_structure_###_ecosystem_###_stage_###_sound stage_###_atmosphere of earth_###_country_###_cities,{},{},"[""stage"",""cities"",""sound stage""]"
1,39,7,Sun Nov 24 13:23:02 PST 2019,Sun Nov 24 13:27:20 PST 2019,258,vuk9mP0Vz7M.mp4,sky_###_music venue_###_display window_###_nightclub_###_retail_###_structure_###_ecosystem_###_stage_###_sound stage_###_atmosphere of earth_###_country_###_cities,{},{},"[""stage"",""sound stage"",""structure""]"
1,40,5,Sun Nov 24 13:26:13 PST 2019,Sun Nov 24 13:29:50 PST 2019,217,vuk9mP0Vz7M.mp4,sky_###_music venue_###_display window_###_nightclub_###_retail_###_structure_###_ecosystem_###_stage_###_sound stage_###_atmosphere of earth_###_country_###_cities,{},{},"[""country"",""cities"",""sound stage"",""stage"",""structure""]"
1,41,20,Sun Nov 24 13:36:07 PST 2019,Sun Nov 24 13:48:37 PST 2019,750,vuk9mP0Vz7M.mp4,sky_###_music venue_###_display window_###_nightclub_###_retail_###_structure_###_ecosystem_###_stage_###_sound stage_###_atmosphere of earth_###_country_###_cities,other locations include a studio and office,{},"[""sound stage""]"
1,42,13,Sun Nov 24 13:30:00 PST 2019,Sun Nov 24 13:46:12 PST 2019,972,vuk9mP0Vz7M.mp4,sky_###_music venue_###_display window_###_nightclub_###_retail_###_structure_###_ecosystem_###_stage_###_sound stage_###_atmosphere of earth_###_country_###_cities,none of the other tags are relevant,no other tags are relevant,"[""sound stage"",""stage""]"
1,43,6,Sun Nov 24 13:43:34 PST 2019,Sun Nov 24 13:45:26 PST 2019,112,vuk9mP0Vz7M.mp4,sky_###_music venue_###_display window_###_nightclub_###_retail_###_structure_###_ecosystem_###_stage_###_sound stage_###_atmosphere of earth_###_country_###_cities,{},{},"[""structure"",""sound stage"",""stage""]"
1,44,4,Sun Nov 24 13:35:23 PST 2019,Sun Nov 24 13:53:43 PST 2019,1100,vuk9mP0Vz7M.mp4,sky_###_music venue_###_display window_###_nightclub_###_retail_###_structure_###_ecosystem_###_stage_###_sound stage_###_atmosphere of earth_###_country_###_cities,{},{},"[""stage"",""sound stage"",""structure""]"
1,45,19,Sun Nov 24 13:30:22 PST 2019,Sun Nov 24 13:32:54 PST 2019,152,vuk9mP0Vz7M.mp4,sky_###_music venue_###_display window_###_nightclub_###_retail_###_structure_###_ecosystem_###_stage_###_sound stage_###_atmosphere of earth_###_country_###_cities,{},{},"[""sound stage"",""stage"",""country""]"
21,46,13,Sun Nov 24 13:30:03 PST 2019,Sun Nov 24 13:47:11 PST 2019,1028,lVMN_iO62Dc.mp4,everywhere_###_forest_###_building_###_atmosphere of earth_###_parking lot_###_garden_###_plant community_###_woodland_###_artificial landforms_###_road,{},{},"[""garden"",""road"",""parking lot""]"
21,47,14,Sun Nov 24 13:56:43 PST 2019,Sun Nov 24 14:15:41 PST 2019,1138,lVMN_iO62Dc.mp4,everywhere_###_forest_###_building_###_atmosphere of earth_###_parking lot_###_garden_###_plant community_###_woodland_###_artificial landforms_###_road,{},{},"[""parking lot"",""building"",""road""]"
21,48,7,Sun Nov 24 13:23:26 PST 2019,Sun Nov 24 13:29:07 PST 2019,341,lVMN_iO62Dc.mp4,everywhere_###_forest_###_building_###_atmosphere of earth_###_parking lot_###_garden_###_plant community_###_woodland_###_artificial landforms_###_road,{},{},"[""atmosphere of earth"",""parking lot"",""building"",""road"",""garden""]"
21,49,10,Sun Nov 24 13:25:23 PST 2019,Sun Nov 24 13:38:52 PST 2019,809,lVMN_iO62Dc.mp4,everywhere_###_forest_###_building_###_atmosphere of earth_###_parking lot_###_garden_###_plant community_###_woodland_###_artificial landforms_###_road,{},{},"[""parking lot"",""building"",""road""]"
21,50,5,Sun Nov 24 13:28:33 PST 2019,Sun Nov 24 13:35:43 PST 2019,430,lVMN_iO62Dc.mp4,everywhere_###_forest_###_building_###_atmosphere of earth_###_parking lot_###_garden_###_plant community_###_woodland_###_artificial landforms_###_road,{},{},"[""road"",""building"",""parking lot""]"
21,51,2,Sun Nov 24 13:23:02 PST 2019,Sun Nov 24 13:39:40 PST 2019,998,lVMN_iO62Dc.mp4,everywhere_###_forest_###_building_###_atmosphere of earth_###_parking lot_###_garden_###_plant community_###_woodland_###_artificial landforms_###_road,{},{},"[""building"",""artificial landforms"",""road"",""parking lot""]"
21,52,21,Sun Nov 24 13:22:32 PST 2019,Sun Nov 24 13:26:42 PST 2019,250,lVMN_iO62Dc.mp4,everywhere_###_forest_###_building_###_atmosphere of earth_###_parking lot_###_garden_###_plant community_###_woodland_###_artificial landforms_###_road,{},{},"[""parking lot"",""road"",""garden""]"
21,53,23,Sun Nov 24 13:32:46 PST 2019,Sun Nov 24 13:36:01 PST 2019,195,lVMN_iO62Dc.mp4,everywhere_###_forest_###_building_###_atmosphere of earth_###_parking lot_###_garden_###_plant community_###_woodland_###_artificial landforms_###_road,{},{},"[""building"",""road"",""garden""]"
21,54,16,Sun Nov 24 13:36:08 PST 2019,Sun Nov 24 13:50:36 PST 2019,868,lVMN_iO62Dc.mp4,everywhere_###_forest_###_building_###_atmosphere of earth_###_parking lot_###_garden_###_plant community_###_woodland_###_artificial landforms_###_road,{},{},"[""road"",""parking lot"",""building""]"
21,55,20,Sun Nov 24 13:36:11 PST 2019,Sun Nov 24 13:49:32 PST 2019,801,lVMN_iO62Dc.mp4,everywhere_###_forest_###_building_###_atmosphere of earth_###_parking lot_###_garden_###_plant community_###_woodland_###_artificial landforms_###_road,{},{},"[""artificial landforms"",""garden"",""road""]"
21,56,12,Sun Nov 24 13:24:10 PST 2019,Sun Nov 24 13:34:28 PST 2019,618,lVMN_iO62Dc.mp4,everywhere_###_forest_###_building_###_atmosphere of earth_###_parking lot_###_garden_###_plant community_###_woodland_###_artificial landforms_###_road,{},{},"[""garden"",""building"",""road"",""parking lot""]"
21,57,9,Sun Nov 24 13:37:24 PST 2019,Sun Nov 24 13:44:21 PST 2019,417,lVMN_iO62Dc.mp4,everywhere_###_forest_###_building_###_atmosphere of earth_###_parking lot_###_garden_###_plant community_###_woodland_###_artificial landforms_###_road,{},{},"[""garden"",""woodland"",""road""]"
21,58,19,Sun Nov 24 13:30:28 PST 2019,Sun Nov 24 13:36:04 PST 2019,336,lVMN_iO62Dc.mp4,everywhere_###_forest_###_building_###_atmosphere of earth_###_parking lot_###_garden_###_plant community_###_woodland_###_artificial landforms_###_road,{},{},"[""parking lot"",""road"",""building""]"
21,59,8,Sun Nov 24 13:26:30 PST 2019,Sun Nov 24 13:42:27 PST 2019,957,lVMN_iO62Dc.mp4,everywhere_###_forest_###_building_###_atmosphere of earth_###_parking lot_###_garden_###_plant community_###_woodland_###_artificial landforms_###_road,{},{},"[""building"",""parking lot"",""road""]"
21,60,17,Sun Nov 24 13:23:05 PST 2019,Sun Nov 24 13:40:06 PST 2019,1021,lVMN_iO62Dc.mp4,everywhere_###_forest_###_building_###_atmosphere of earth_###_parking lot_###_garden_###_plant community_###_woodland_###_artificial landforms_###_road,{},{},"[""parking lot"",""building"",""road""]"
5,61,19,Sun Nov 24 13:30:33 PST 2019,Sun Nov 24 13:37:29 PST 2019,416,lVMN_iO62Dc.mp4,backyard_###_land lot_###_street_###_plain_###_window_###_yard_###_pasture_###_vehicle door_###_earth,{},{},"[""earth"",""backyard"",""yard"",""window"",""street""]"
5,62,10,Sun Nov 24 13:24:17 PST 2019,Sun Nov 24 13:36:53 PST 2019,756,lVMN_iO62Dc.mp4,backyard_###_land lot_###_street_###_plain_###_window_###_yard_###_pasture_###_vehicle door_###_earth,{},{},"[""street"",""yard"",""earth"",""window"",""vehicle door""]"
5,63,23,Sun Nov 24 13:37:03 PST 2019,Sun Nov 24 13:47:47 PST 2019,644,lVMN_iO62Dc.mp4,backyard_###_land lot_###_street_###_plain_###_window_###_yard_###_pasture_###_vehicle door_###_earth,{},{},"[""earth"",""street"",""yard"",""vehicle door"",""window""]"
5,64,3,Sun Nov 24 13:35:52 PST 2019,Sun Nov 24 13:48:50 PST 2019,778,lVMN_iO62Dc.mp4,backyard_###_land lot_###_street_###_plain_###_window_###_yard_###_pasture_###_vehicle door_###_earth,{},{},"[""land lot"",""yard"",""earth"",""street"",""backyard""]"
5,65,20,Sun Nov 24 13:35:59 PST 2019,Sun Nov 24 13:46:42 PST 2019,643,lVMN_iO62Dc.mp4,backyard_###_land lot_###_street_###_plain_###_window_###_yard_###_pasture_###_vehicle door_###_earth,{},{},"[""yard"",""street"",""window""]"
5,66,4,Sun Nov 24 13:35:18 PST 2019,Sun Nov 24 13:54:00 PST 2019,1122,lVMN_iO62Dc.mp4,backyard_###_land lot_###_street_###_plain_###_window_###_yard_###_pasture_###_vehicle door_###_earth,{},{},"[""window"",""vehicle door"",""yard""]"
5,67,7,Sun Nov 24 13:23:34 PST 2019,Sun Nov 24 13:29:39 PST 2019,365,lVMN_iO62Dc.mp4,backyard_###_land lot_###_street_###_plain_###_window_###_yard_###_pasture_###_vehicle door_###_earth,{},{},"[""backyard"",""earth"",""street"",""yard""]"
5,68,21,Sun Nov 24 13:22:42 PST 2019,Sun Nov 24 13:33:23 PST 2019,641,lVMN_iO62Dc.mp4,backyard_###_land lot_###_street_###_plain_###_window_###_yard_###_pasture_###_vehicle door_###_earth,{},{},"[""backyard"",""vehicle door"",""window""]"
5,69,15,Sun Nov 24 13:36:59 PST 2019,Sun Nov 24 13:38:59 PST 2019,120,lVMN_iO62Dc.mp4,backyard_###_land lot_###_street_###_plain_###_window_###_yard_###_pasture_###_vehicle door_###_earth,{},This clip is about Jerry Seinfeld and Barack Obama and the vague general tags just don't fit.,[]
5,70,8,Sun Nov 24 13:26:32 PST 2019,Sun Nov 24 13:42:31 PST 2019,959,lVMN_iO62Dc.mp4,backyard_###_land lot_###_street_###_plain_###_window_###_yard_###_pasture_###_vehicle door_###_earth,{},{},"[""yard"",""land lot"",""backyard"",""street"",""vehicle door""]"
5,71,17,Sun Nov 24 13:23:08 PST 2019,Sun Nov 24 13:40:54 PST 2019,1066,lVMN_iO62Dc.mp4,backyard_###_land lot_###_street_###_plain_###_window_###_yard_###_pasture_###_vehicle door_###_earth,{},{},"[""land lot"",""yard"",""window"",""street"",""vehicle door""]"
5,72,12,Sun Nov 24 13:23:38 PST 2019,Sun Nov 24 13:27:50 PST 2019,252,lVMN_iO62Dc.mp4,backyard_###_land lot_###_street_###_plain_###_window_###_yard_###_pasture_###_vehicle door_###_earth,{},{},"[""land lot"",""yard"",""street"",""vehicle door"",""window""]"
5,73,1,Sun Nov 24 13:32:07 PST 2019,Sun Nov 24 13:46:09 PST 2019,842,lVMN_iO62Dc.mp4,backyard_###_land lot_###_street_###_plain_###_window_###_yard_###_pasture_###_vehicle door_###_earth,{},It is at private property at the White House.,[]
5,74,13,Sun Nov 24 13:30:02 PST 2019,Sun Nov 24 13:46:34 PST 2019,992,lVMN_iO62Dc.mp4,backyard_###_land lot_###_street_###_plain_###_window_###_yard_###_pasture_###_vehicle door_###_earth,{},{},"[""vehicle door"",""street"",""backyard""]"
5,75,5,Sun Nov 24 13:26:10 PST 2019,Sun Nov 24 13:28:10 PST 2019,120,lVMN_iO62Dc.mp4,backyard_###_land lot_###_street_###_plain_###_window_###_yard_###_pasture_###_vehicle door_###_earth,{},{},"[""earth"",""yard"",""street"",""backyard"",""land lot""]"
22,76,23,Sun Nov 24 13:37:01 PST 2019,Sun Nov 24 13:46:57 PST 2019,596,lVMN_iO62Dc.mp4,tent_###_house_###_landscape_###_jungle_###_ecosystem_###_farm_###_sky_###_meadow_###_grassland,{},{},"[""house"",""sky"",""landscape""]"
22,77,16,Sun Nov 24 13:36:04 PST 2019,Sun Nov 24 13:44:00 PST 2019,476,lVMN_iO62Dc.mp4,tent_###_house_###_landscape_###_jungle_###_ecosystem_###_farm_###_sky_###_meadow_###_grassland,"This takes place mostly in cars, on roads outside the White House. 'Road' and 'White House' are the most obvious tags, the tags given here either aren't present or aren't really relevant.",{},"[""house""]"
22,78,13,Sun Nov 24 13:29:58 PST 2019,Sun Nov 24 13:44:22 PST 2019,864,lVMN_iO62Dc.mp4,tent_###_house_###_landscape_###_jungle_###_ecosystem_###_farm_###_sky_###_meadow_###_grassland,none of the other tags are relevant,{},"[""house""]"
22,79,12,Sun Nov 24 13:23:24 PST 2019,Sun Nov 24 13:25:21 PST 2019,117,lVMN_iO62Dc.mp4,tent_###_house_###_landscape_###_jungle_###_ecosystem_###_farm_###_sky_###_meadow_###_grassland,{},{},"[""landscape"",""sky"",""house""]"
22,80,20,Sun Nov 24 13:36:28 PST 2019,Sun Nov 24 13:53:05 PST 2019,997,lVMN_iO62Dc.mp4,tent_###_house_###_landscape_###_jungle_###_ecosystem_###_farm_###_sky_###_meadow_###_grassland,the location is a house or residence and a street,{},"[""house""]"
22,81,17,Sun Nov 24 13:23:02 PST 2019,Sun Nov 24 13:39:03 PST 2019,961,lVMN_iO62Dc.mp4,tent_###_house_###_landscape_###_jungle_###_ecosystem_###_farm_###_sky_###_meadow_###_grassland,Tags are celebs white house sports car,tags need to be celebs white house news production type tags,[]
22,82,21,Sun Nov 24 13:22:35 PST 2019,Sun Nov 24 13:27:33 PST 2019,298,lVMN_iO62Dc.mp4,tent_###_house_###_landscape_###_jungle_###_ecosystem_###_farm_###_sky_###_meadow_###_grassland,{},{},"[""sky"",""landscape"",""house""]"
22,83,7,Sun Nov 24 13:23:54 PST 2019,Sun Nov 24 13:30:53 PST 2019,419,lVMN_iO62Dc.mp4,tent_###_house_###_landscape_###_jungle_###_ecosystem_###_farm_###_sky_###_meadow_###_grassland,{},{},"[""landscape"",""house"",""meadow""]"
22,84,9,Sun Nov 24 13:43:45 PST 2019,Sun Nov 24 14:02:28 PST 2019,1123,lVMN_iO62Dc.mp4,tent_###_house_###_landscape_###_jungle_###_ecosystem_###_farm_###_sky_###_meadow_###_grassland,{},{},"[""landscape"",""grassland"",""ecosystem""]"
22,85,10,Sun Nov 24 13:23:41 PST 2019,Sun Nov 24 13:30:38 PST 2019,417,lVMN_iO62Dc.mp4,tent_###_house_###_landscape_###_jungle_###_ecosystem_###_farm_###_sky_###_meadow_###_grassland,{},{},"[""house"",""landscape"",""meadow"",""sky""]"
22,86,4,Sun Nov 24 13:35:16 PST 2019,Sun Nov 24 13:48:19 PST 2019,783,lVMN_iO62Dc.mp4,tent_###_house_###_landscape_###_jungle_###_ecosystem_###_farm_###_sky_###_meadow_###_grassland,{},{},"[""sky"",""house"",""landscape""]"
22,87,22,Sun Nov 24 13:23:56 PST 2019,Sun Nov 24 13:29:11 PST 2019,315,lVMN_iO62Dc.mp4,tent_###_house_###_landscape_###_jungle_###_ecosystem_###_farm_###_sky_###_meadow_###_grassland,more about white house would be good,{},"[""house"",""landscape""]"
22,88,5,Sun Nov 24 13:26:19 PST 2019,Sun Nov 24 13:31:21 PST 2019,302,lVMN_iO62Dc.mp4,tent_###_house_###_landscape_###_jungle_###_ecosystem_###_farm_###_sky_###_meadow_###_grassland,The other location tags are focused on environmental places.,{},"[""house""]"
22,89,19,Sun Nov 24 13:30:41 PST 2019,Sun Nov 24 13:39:52 PST 2019,551,lVMN_iO62Dc.mp4,tent_###_house_###_landscape_###_jungle_###_ecosystem_###_farm_###_sky_###_meadow_###_grassland,the other tags are not relevant to this video,{},"[""house"",""landscape""]"
22,90,8,Sun Nov 24 13:26:19 PST 2019,Sun Nov 24 13:34:48 PST 2019,509,lVMN_iO62Dc.mp4,tent_###_house_###_landscape_###_jungle_###_ecosystem_###_farm_###_sky_###_meadow_###_grassland,{},{},"[""house"",""sky"",""landscape""]"
17,91,20,Sun Nov 24 13:35:46 PST 2019,Sun Nov 24 13:43:09 PST 2019,443,nd_xKdNIIpk.mp4,prairie_###_road_###_plaza_###_landscape_###_jungle_###_biome_###_path_###_ecosystem_###_farm_###_badlands_###_steppe_###_erg,{},{},"[""plaza"",""landscape"",""badlands"",""road"",""path"",""farm"",""ecosystem""]"
17,92,8,Sun Nov 24 13:26:33 PST 2019,Sun Nov 24 13:42:20 PST 2019,947,nd_xKdNIIpk.mp4,prairie_###_road_###_plaza_###_landscape_###_jungle_###_biome_###_path_###_ecosystem_###_farm_###_badlands_###_steppe_###_erg,{},{},"[""farm"",""landscape"",""ecosystem""]"
17,93,13,Sun Nov 24 13:29:56 PST 2019,Sun Nov 24 13:40:20 PST 2019,624,nd_xKdNIIpk.mp4,prairie_###_road_###_plaza_###_landscape_###_jungle_###_biome_###_path_###_ecosystem_###_farm_###_badlands_###_steppe_###_erg,{},{},"[""landscape"",""prairie"",""road"",""farm"",""path""]"
17,94,22,Sun Nov 24 13:36:18 PST 2019,Sun Nov 24 13:53:24 PST 2019,1026,nd_xKdNIIpk.mp4,prairie_###_road_###_plaza_###_landscape_###_jungle_###_biome_###_path_###_ecosystem_###_farm_###_badlands_###_steppe_###_erg,{},{},"[""biome"",""ecosystem"",""landscape"",""prairie"",""farm"",""path"",""steppe""]"
17,95,23,Sun Nov 24 13:32:52 PST 2019,Sun Nov 24 13:40:21 PST 2019,449,nd_xKdNIIpk.mp4,prairie_###_road_###_plaza_###_landscape_###_jungle_###_biome_###_path_###_ecosystem_###_farm_###_badlands_###_steppe_###_erg,{},{},"[""ecosystem"",""road"",""farm"",""landscape""]"
17,96,12,Sun Nov 24 13:23:58 PST 2019,Sun Nov 24 13:32:08 PST 2019,490,nd_xKdNIIpk.mp4,prairie_###_road_###_plaza_###_landscape_###_jungle_###_biome_###_path_###_ecosystem_###_farm_###_badlands_###_steppe_###_erg,{},{},"[""biome"",""prairie"",""farm"",""road"",""path"",""landscape""]"
17,97,4,Sun Nov 24 13:31:18 PST 2019,Sun Nov 24 13:33:21 PST 2019,123,nd_xKdNIIpk.mp4,prairie_###_road_###_plaza_###_landscape_###_jungle_###_biome_###_path_###_ecosystem_###_farm_###_badlands_###_steppe_###_erg,{},{},"[""farm"",""landscape"",""ecosystem""]"
17,98,21,Sun Nov 24 13:22:36 PST 2019,Sun Nov 24 13:30:08 PST 2019,452,nd_xKdNIIpk.mp4,prairie_###_road_###_plaza_###_landscape_###_jungle_###_biome_###_path_###_ecosystem_###_farm_###_badlands_###_steppe_###_erg,{},{},"[""ecosystem"",""prairie"",""farm""]"
17,99,19,Sun Nov 24 13:30:25 PST 2019,Sun Nov 24 13:35:05 PST 2019,280,nd_xKdNIIpk.mp4,prairie_###_road_###_plaza_###_landscape_###_jungle_###_biome_###_path_###_ecosystem_###_farm_###_badlands_###_steppe_###_erg,{},{},"[""badlands"",""farm"",""path"",""ecosystem"",""road"",""landscape"",""prairie""]"
17,100,18,Sun Nov 24 13:43:44 PST 2019,Sun Nov 24 13:50:53 PST 2019,429,nd_xKdNIIpk.mp4,prairie_###_road_###_plaza_###_landscape_###_jungle_###_biome_###_path_###_ecosystem_###_farm_###_badlands_###_steppe_###_erg,{},{},"[""ecosystem"",""landscape"",""farm""]"
17,101,17,Sun Nov 24 13:22:58 PST 2019,Sun Nov 24 13:26:55 PST 2019,237,nd_xKdNIIpk.mp4,prairie_###_road_###_plaza_###_landscape_###_jungle_###_biome_###_path_###_ecosystem_###_farm_###_badlands_###_steppe_###_erg,{},{},"[""ecosystem"",""path"",""road"",""badlands"",""landscape"",""farm"",""prairie""]"
17,102,10,Sun Nov 24 13:23:57 PST 2019,Sun Nov 24 13:31:46 PST 2019,469,nd_xKdNIIpk.mp4,prairie_###_road_###_plaza_###_landscape_###_jungle_###_biome_###_path_###_ecosystem_###_farm_###_badlands_###_steppe_###_erg,{},{},"[""landscape"",""prairie"",""plaza"",""biome"",""path"",""farm""]"
17,103,2,Sun Nov 24 13:31:56 PST 2019,Sun Nov 24 13:48:44 PST 2019,1008,nd_xKdNIIpk.mp4,prairie_###_road_###_plaza_###_landscape_###_jungle_###_biome_###_path_###_ecosystem_###_farm_###_badlands_###_steppe_###_erg,{},{},"[""steppe"",""landscape"",""road"",""path"",""farm"",""ecosystem"",""biome""]"
17,104,5,Sun Nov 24 13:28:45 PST 2019,Sun Nov 24 13:37:09 PST 2019,504,nd_xKdNIIpk.mp4,prairie_###_road_###_plaza_###_landscape_###_jungle_###_biome_###_path_###_ecosystem_###_farm_###_badlands_###_steppe_###_erg,{},{},"[""prairie"",""path"",""farm"",""plaza"",""road"",""landscape"",""erg"",""ecosystem""]"
17,105,7,Sun Nov 24 13:23:46 PST 2019,Sun Nov 24 13:30:19 PST 2019,393,nd_xKdNIIpk.mp4,prairie_###_road_###_plaza_###_landscape_###_jungle_###_biome_###_path_###_ecosystem_###_farm_###_badlands_###_steppe_###_erg,{},{},"[""ecosystem"",""farm"",""badlands"",""prairie"",""path"",""road"",""landscape""]"
15,106,13,Sun Nov 24 13:29:43 PST 2019,Sun Nov 24 13:37:33 PST 2019,470,nd_xKdNIIpk.mp4,walkway_###_garden_###_horizon_###_tundra_###_sahara_###_plant community_###_trail_###_sidewalk_###_aisle_###_college,{},{},"[""tundra"",""plant community"",""trail""]"
15,107,5,Sun Nov 24 13:26:24 PST 2019,Sun Nov 24 13:32:28 PST 2019,364,nd_xKdNIIpk.mp4,walkway_###_garden_###_horizon_###_tundra_###_sahara_###_plant community_###_trail_###_sidewalk_###_aisle_###_college,{},{},"[""trail"",""sidewalk"",""sahara"",""garden"",""tundra"",""plant community""]"
15,108,15,Sun Nov 24 13:31:29 PST 2019,Sun Nov 24 13:32:33 PST 2019,64,nd_xKdNIIpk.mp4,walkway_###_garden_###_horizon_###_tundra_###_sahara_###_plant community_###_trail_###_sidewalk_###_aisle_###_college,{},The video is about water conservation in Iraq.,[]
15,109,16,Sun Nov 24 13:32:59 PST 2019,Sun Nov 24 13:35:16 PST 2019,137,nd_xKdNIIpk.mp4,walkway_###_garden_###_horizon_###_tundra_###_sahara_###_plant community_###_trail_###_sidewalk_###_aisle_###_college,{},{},"[""plant community"",""garden"",""tundra"",""trail"",""sahara""]"
15,110,23,Sun Nov 24 13:32:57 PST 2019,Sun Nov 24 13:41:09 PST 2019,492,nd_xKdNIIpk.mp4,walkway_###_garden_###_horizon_###_tundra_###_sahara_###_plant community_###_trail_###_sidewalk_###_aisle_###_college,{},None of the tags are relevant to any locations or places shown in the video.,[]
15,111,8,Sun Nov 24 13:26:18 PST 2019,Sun Nov 24 13:33:06 PST 2019,408,nd_xKdNIIpk.mp4,walkway_###_garden_###_horizon_###_tundra_###_sahara_###_plant community_###_trail_###_sidewalk_###_aisle_###_college,{},{},"[""horizon"",""plant community"",""garden""]"
15,112,12,Sun Nov 24 13:23:31 PST 2019,Sun Nov 24 13:26:44 PST 2019,193,nd_xKdNIIpk.mp4,walkway_###_garden_###_horizon_###_tundra_###_sahara_###_plant community_###_trail_###_sidewalk_###_aisle_###_college,{},{},"[""plant community"",""garden"",""horizon"",""trail""]"
15,113,10,Sun Nov 24 13:24:01 PST 2019,Sun Nov 24 13:32:06 PST 2019,485,nd_xKdNIIpk.mp4,walkway_###_garden_###_horizon_###_tundra_###_sahara_###_plant community_###_trail_###_sidewalk_###_aisle_###_college,{},{},"[""walkway"",""plant community"",""trail""]"
15,114,18,Sun Nov 24 13:44:07 PST 2019,Sun Nov 24 13:52:05 PST 2019,478,nd_xKdNIIpk.mp4,walkway_###_garden_###_horizon_###_tundra_###_sahara_###_plant community_###_trail_###_sidewalk_###_aisle_###_college,{},{},"[""plant community"",""walkway"",""trail""]"
15,115,2,Sun Nov 24 13:24:42 PST 2019,Sun Nov 24 13:27:42 PST 2019,180,nd_xKdNIIpk.mp4,walkway_###_garden_###_horizon_###_tundra_###_sahara_###_plant community_###_trail_###_sidewalk_###_aisle_###_college,{},{},"[""plant community"",""walkway"",""trail"",""tundra""]"
15,116,7,Sun Nov 24 13:23:14 PST 2019,Sun Nov 24 13:28:23 PST 2019,309,nd_xKdNIIpk.mp4,walkway_###_garden_###_horizon_###_tundra_###_sahara_###_plant community_###_trail_###_sidewalk_###_aisle_###_college,{},{},"[""walkway"",""tundra"",""horizon"",""garden""]"
15,117,19,Sun Nov 24 13:30:40 PST 2019,Sun Nov 24 13:39:34 PST 2019,534,nd_xKdNIIpk.mp4,walkway_###_garden_###_horizon_###_tundra_###_sahara_###_plant community_###_trail_###_sidewalk_###_aisle_###_college,{},{},"[""tundra"",""walkway"",""sahara"",""trail"",""garden""]"
15,118,20,Sun Nov 24 13:35:55 PST 2019,Sun Nov 24 13:45:47 PST 2019,592,nd_xKdNIIpk.mp4,walkway_###_garden_###_horizon_###_tundra_###_sahara_###_plant community_###_trail_###_sidewalk_###_aisle_###_college,{},{},"[""garden"",""plant community"",""sahara"",""sidewalk""]"
15,119,21,Sun Nov 24 13:22:45 PST 2019,Sun Nov 24 13:36:07 PST 2019,802,nd_xKdNIIpk.mp4,walkway_###_garden_###_horizon_###_tundra_###_sahara_###_plant community_###_trail_###_sidewalk_###_aisle_###_college,{},{},"[""walkway"",""plant community"",""trail""]"
15,120,9,Sun Nov 24 13:38:38 PST 2019,Sun Nov 24 13:57:14 PST 2019,1116,nd_xKdNIIpk.mp4,walkway_###_garden_###_horizon_###_tundra_###_sahara_###_plant community_###_trail_###_sidewalk_###_aisle_###_college,{},{},"[""garden"",""trail"",""sahara""]"
10,121,15,Sun Nov 24 13:35:41 PST 2019,Sun Nov 24 13:36:59 PST 2019,78,nd_xKdNIIpk.mp4,yard_###_campus_###_ecoregion_###_plantation_###_forest_###_city_###_public space_###_aeolian landform_###_desert_###_shrubland_###_sky,{},{},"[""shrubland"",""ecoregion"",""desert"",""aeolian landform""]"
10,122,7,Sun Nov 24 13:22:42 PST 2019,Sun Nov 24 13:25:32 PST 2019,170,nd_xKdNIIpk.mp4,yard_###_campus_###_ecoregion_###_plantation_###_forest_###_city_###_public space_###_aeolian landform_###_desert_###_shrubland_###_sky,{},{},"[""desert"",""shrubland"",""sky"",""yard""]"
10,123,9,Sun Nov 24 13:43:57 PST 2019,Sun Nov 24 14:03:28 PST 2019,1171,nd_xKdNIIpk.mp4,yard_###_campus_###_ecoregion_###_plantation_###_forest_###_city_###_public space_###_aeolian landform_###_desert_###_shrubland_###_sky,{},{},"[""forest"",""shrubland"",""desert""]"
10,124,23,Sun Nov 24 13:32:47 PST 2019,Sun Nov 24 13:36:14 PST 2019,207,nd_xKdNIIpk.mp4,yard_###_campus_###_ecoregion_###_plantation_###_forest_###_city_###_public space_###_aeolian landform_###_desert_###_shrubland_###_sky,{},{},"[""shrubland"",""ecoregion"",""plantation"",""desert"",""sky""]"
10,125,22,Sun Nov 24 13:23:59 PST 2019,Sun Nov 24 13:30:39 PST 2019,400,nd_xKdNIIpk.mp4,yard_###_campus_###_ecoregion_###_plantation_###_forest_###_city_###_public space_###_aeolian landform_###_desert_###_shrubland_###_sky,{},{},"[""public space"",""ecoregion"",""desert"",""plantation"",""aeolian landform""]"
10,126,13,Sun Nov 24 13:29:58 PST 2019,Sun Nov 24 13:45:10 PST 2019,912,nd_xKdNIIpk.mp4,yard_###_campus_###_ecoregion_###_plantation_###_forest_###_city_###_public space_###_aeolian landform_###_desert_###_shrubland_###_sky,{},{},"[""yard"",""shrubland"",""desert""]"
10,127,10,Sun Nov 24 13:24:12 PST 2019,Sun Nov 24 13:35:52 PST 2019,700,nd_xKdNIIpk.mp4,yard_###_campus_###_ecoregion_###_plantation_###_forest_###_city_###_public space_###_aeolian landform_###_desert_###_shrubland_###_sky,{},{},"[""sky"",""ecoregion"",""shrubland""]"
10,128,12,Sun Nov 24 13:23:33 PST 2019,Sun Nov 24 13:27:05 PST 2019,212,nd_xKdNIIpk.mp4,yard_###_campus_###_ecoregion_###_plantation_###_forest_###_city_###_public space_###_aeolian landform_###_desert_###_shrubland_###_sky,{},{},"[""yard"",""ecoregion"",""sky"",""plantation"",""shrubland""]"
10,129,5,Sun Nov 24 13:23:43 PST 2019,Sun Nov 24 13:26:44 PST 2019,181,nd_xKdNIIpk.mp4,yard_###_campus_###_ecoregion_###_plantation_###_forest_###_city_###_public space_###_aeolian landform_###_desert_###_shrubland_###_sky,{},{},"[""public space"",""plantation"",""city"",""shrubland"",""desert"",""ecoregion"",""forest""]"
10,130,21,Sun Nov 24 13:22:46 PST 2019,Sun Nov 24 13:36:23 PST 2019,817,nd_xKdNIIpk.mp4,yard_###_campus_###_ecoregion_###_plantation_###_forest_###_city_###_public space_###_aeolian landform_###_desert_###_shrubland_###_sky,{},{},"[""shrubland"",""public space"",""sky""]"
10,131,11,Sun Nov 24 13:33:44 PST 2019,Sun Nov 24 13:43:25 PST 2019,581,nd_xKdNIIpk.mp4,yard_###_campus_###_ecoregion_###_plantation_###_forest_###_city_###_public space_###_aeolian landform_###_desert_###_shrubland_###_sky,{},{},"[""desert"",""city"",""public space""]"
10,132,19,Sun Nov 24 13:30:38 PST 2019,Sun Nov 24 13:38:59 PST 2019,501,nd_xKdNIIpk.mp4,yard_###_campus_###_ecoregion_###_plantation_###_forest_###_city_###_public space_###_aeolian landform_###_desert_###_shrubland_###_sky,{},{},"[""desert"",""shrubland"",""plantation"",""yard""]"
10,133,16,Sun Nov 24 13:36:08 PST 2019,Sun Nov 24 13:51:54 PST 2019,946,nd_xKdNIIpk.mp4,yard_###_campus_###_ecoregion_###_plantation_###_forest_###_city_###_public space_###_aeolian landform_###_desert_###_shrubland_###_sky,{},{},"[""desert"",""ecoregion"",""shrubland"",""plantation"",""city"",""campus""]"
10,134,8,Sun Nov 24 13:23:04 PST 2019,Sun Nov 24 13:26:03 PST 2019,179,nd_xKdNIIpk.mp4,yard_###_campus_###_ecoregion_###_plantation_###_forest_###_city_###_public space_###_aeolian landform_###_desert_###_shrubland_###_sky,{},{},"[""yard"",""plantation"",""desert""]"
10,135,20,Sun Nov 24 13:29:32 PST 2019,Sun Nov 24 13:32:10 PST 2019,158,nd_xKdNIIpk.mp4,yard_###_campus_###_ecoregion_###_plantation_###_forest_###_city_###_public space_###_aeolian landform_###_desert_###_shrubland_###_sky,{},{},"[""plantation"",""shrubland"",""desert"",""ecoregion""]"
7,136,7,Sun Nov 24 13:22:33 PST 2019,Sun Nov 24 13:24:16 PST 2019,103,nd_xKdNIIpk.mp4,neighbourhood_###_spring_###_memorial_###_grassland_###_backyard_###_land lot_###_savanna_###_cemetery_###_monument_###_street_###_plain,{},{},"[""plain"",""street"",""grassland"",""backyard"",""land lot"",""neighbourhood""]"
7,137,2,Sun Nov 24 13:22:47 PST 2019,Sun Nov 24 13:37:03 PST 2019,856,nd_xKdNIIpk.mp4,neighbourhood_###_spring_###_memorial_###_grassland_###_backyard_###_land lot_###_savanna_###_cemetery_###_monument_###_street_###_plain,No others of these really seem relevant to the places in the video.,{},"[""land lot"",""plain"",""street""]"
7,138,23,Sun Nov 24 13:32:44 PST 2019,Sun Nov 24 13:35:02 PST 2019,138,nd_xKdNIIpk.mp4,neighbourhood_###_spring_###_memorial_###_grassland_###_backyard_###_land lot_###_savanna_###_cemetery_###_monument_###_street_###_plain,{},{},"[""grassland"",""land lot"",""plain""]"
7,139,10,Sun Nov 24 13:23:36 PST 2019,Sun Nov 24 13:27:02 PST 2019,206,nd_xKdNIIpk.mp4,neighbourhood_###_spring_###_memorial_###_grassland_###_backyard_###_land lot_###_savanna_###_cemetery_###_monument_###_street_###_plain,{},{},"[""neighbourhood"",""grassland"",""plain"",""land lot""]"
7,140,20,Sun Nov 24 13:29:49 PST 2019,Sun Nov 24 13:41:03 PST 2019,674,nd_xKdNIIpk.mp4,neighbourhood_###_spring_###_memorial_###_grassland_###_backyard_###_land lot_###_savanna_###_cemetery_###_monument_###_street_###_plain,{},{},"[""street"",""savanna"",""neighbourhood"",""grassland"",""plain""]"
7,141,9,Sun Nov 24 13:44:41 PST 2019,Sun Nov 24 14:03:52 PST 2019,1151,nd_xKdNIIpk.mp4,neighbourhood_###_spring_###_memorial_###_grassland_###_backyard_###_land lot_###_savanna_###_cemetery_###_monument_###_street_###_plain,{},{},"[""grassland"",""savanna"",""plain""]"
7,142,13,Sun Nov 24 13:29:54 PST 2019,Sun Nov 24 13:39:24 PST 2019,570,nd_xKdNIIpk.mp4,neighbourhood_###_spring_###_memorial_###_grassland_###_backyard_###_land lot_###_savanna_###_cemetery_###_monument_###_street_###_plain,{},{},"[""land lot"",""grassland"",""plain""]"
7,143,21,Sun Nov 24 13:22:37 PST 2019,Sun Nov 24 13:30:21 PST 2019,464,nd_xKdNIIpk.mp4,neighbourhood_###_spring_###_memorial_###_grassland_###_backyard_###_land lot_###_savanna_###_cemetery_###_monument_###_street_###_plain,{},{},"[""spring"",""neighbourhood"",""savanna""]"
7,144,12,Sun Nov 24 13:23:35 PST 2019,Sun Nov 24 13:27:32 PST 2019,237,nd_xKdNIIpk.mp4,neighbourhood_###_spring_###_memorial_###_grassland_###_backyard_###_land lot_###_savanna_###_cemetery_###_monument_###_street_###_plain,{},{},"[""land lot"",""street"",""neighbourhood"",""grassland"",""spring""]"
7,145,19,Sun Nov 24 13:30:16 PST 2019,Sun Nov 24 13:31:30 PST 2019,74,nd_xKdNIIpk.mp4,neighbourhood_###_spring_###_memorial_###_grassland_###_backyard_###_land lot_###_savanna_###_cemetery_###_monument_###_street_###_plain,{},{},"[""land lot"",""grassland"",""savanna"",""neighbourhood"",""backyard""]"
7,146,5,Sun Nov 24 13:27:17 PST 2019,Sun Nov 24 13:34:35 PST 2019,438,nd_xKdNIIpk.mp4,neighbourhood_###_spring_###_memorial_###_grassland_###_backyard_###_land lot_###_savanna_###_cemetery_###_monument_###_street_###_plain,{},{},"[""neighbourhood"",""backyard"",""street"",""plain"",""land lot"",""savanna"",""grassland""]"
7,147,8,Sun Nov 24 13:26:31 PST 2019,Sun Nov 24 13:42:13 PST 2019,942,nd_xKdNIIpk.mp4,neighbourhood_###_spring_###_memorial_###_grassland_###_backyard_###_land lot_###_savanna_###_cemetery_###_monument_###_street_###_plain,{},{},"[""backyard"",""street"",""neighbourhood"",""grassland""]"
7,148,6,Sun Nov 24 13:37:25 PST 2019,Sun Nov 24 13:38:42 PST 2019,77,nd_xKdNIIpk.mp4,neighbourhood_###_spring_###_memorial_###_grassland_###_backyard_###_land lot_###_savanna_###_cemetery_###_monument_###_street_###_plain,{},{},"[""street"",""neighbourhood"",""land lot"",""backyard""]"
7,149,4,Sun Nov 24 13:35:24 PST 2019,Sun Nov 24 13:55:20 PST 2019,1196,nd_xKdNIIpk.mp4,neighbourhood_###_spring_###_memorial_###_grassland_###_backyard_###_land lot_###_savanna_###_cemetery_###_monument_###_street_###_plain,{},{},"[""grassland"",""savanna"",""plain""]"
7,150,17,Sun Nov 24 13:23:14 PST 2019,Sun Nov 24 13:42:36 PST 2019,1162,nd_xKdNIIpk.mp4,neighbourhood_###_spring_###_memorial_###_grassland_###_backyard_###_land lot_###_savanna_###_cemetery_###_monument_###_street_###_plain,{},{},"[""savanna"",""spring"",""grassland"",""neighbourhood"",""plain""]"
16,151,21,Sun Nov 24 13:22:39 PST 2019,Sun Nov 24 13:31:04 PST 2019,505,elR2XL8rLtU.mp4,theatre_###_temple_###_city_###_stage_###_building,{},{},"[""theatre"",""stage"",""building""]"
16,152,16,Sun Nov 24 13:36:07 PST 2019,Sun Nov 24 13:48:36 PST 2019,749,elR2XL8rLtU.mp4,theatre_###_temple_###_city_###_stage_###_building,{},{},"[""city"",""theatre"",""stage""]"
16,153,19,Sun Nov 24 13:30:24 PST 2019,Sun Nov 24 13:34:26 PST 2019,242,elR2XL8rLtU.mp4,theatre_###_temple_###_city_###_stage_###_building,{},{},"[""building"",""theatre"",""stage""]"
16,154,20,Sun Nov 24 13:29:47 PST 2019,Sun Nov 24 13:39:35 PST 2019,588,elR2XL8rLtU.mp4,theatre_###_temple_###_city_###_stage_###_building,relevant places would be home and studio,{},"[""building""]"
16,155,4,Sun Nov 24 13:35:06 PST 2019,Sun Nov 24 13:40:08 PST 2019,302,elR2XL8rLtU.mp4,theatre_###_temple_###_city_###_stage_###_building,{},{},"[""theatre"",""building"",""stage""]"
16,156,12,Sun Nov 24 13:23:28 PST 2019,Sun Nov 24 13:26:13 PST 2019,165,elR2XL8rLtU.mp4,theatre_###_temple_###_city_###_stage_###_building,{},{},"[""stage"",""building"",""theatre""]"
16,157,13,Sun Nov 24 13:29:15 PST 2019,Sun Nov 24 13:36:35 PST 2019,440,elR2XL8rLtU.mp4,theatre_###_temple_###_city_###_stage_###_building,none of the other tags are relevant,{},"[""theatre""]"
16,158,17,Sun Nov 24 13:22:59 PST 2019,Sun Nov 24 13:28:38 PST 2019,339,elR2XL8rLtU.mp4,theatre_###_temple_###_city_###_stage_###_building,{},{},"[""stage"",""city"",""theatre""]"
16,159,5,Sun Nov 24 13:28:37 PST 2019,Sun Nov 24 13:36:03 PST 2019,446,elR2XL8rLtU.mp4,theatre_###_temple_###_city_###_stage_###_building,{},{},"[""theatre"",""building"",""stage""]"
16,160,7,Sun Nov 24 13:23:30 PST 2019,Sun Nov 24 13:29:22 PST 2019,352,elR2XL8rLtU.mp4,theatre_###_temple_###_city_###_stage_###_building,{},{},"[""building"",""stage"",""city"",""theatre""]"
16,161,8,Sun Nov 24 13:26:13 PST 2019,Sun Nov 24 13:30:31 PST 2019,258,elR2XL8rLtU.mp4,theatre_###_temple_###_city_###_stage_###_building,{},{},"[""theatre"",""stage"",""city""]"
16,162,2,Sun Nov 24 13:23:08 PST 2019,Sun Nov 24 13:29:31 PST 2019,383,elR2XL8rLtU.mp4,theatre_###_temple_###_city_###_stage_###_building,more about the studio and house would be relevant,{},"[""building""]"
16,163,22,Sun Nov 24 13:23:50 PST 2019,Sun Nov 24 13:25:32 PST 2019,102,elR2XL8rLtU.mp4,theatre_###_temple_###_city_###_stage_###_building,"studio, living room could be relevant",{},"[""building""]"
16,164,23,Sun Nov 24 13:32:54 PST 2019,Sun Nov 24 13:40:42 PST 2019,468,elR2XL8rLtU.mp4,theatre_###_temple_###_city_###_stage_###_building,None of the other tags are relevant to any locations or places shown in the video.,{},"[""building"",""city""]"
16,165,10,Sun Nov 24 13:23:06 PST 2019,Sun Nov 24 13:24:58 PST 2019,112,elR2XL8rLtU.mp4,theatre_###_temple_###_city_###_stage_###_building,{},{},"[""theatre"",""city"",""building""]"
14,166,4,Sun Nov 24 13:58:59 PST 2019,Sun Nov 24 14:09:07 PST 2019,608,Z6xTxbQeSsI.mp4,world_###_Wales_###_Saint Paul's Cathedral_###_music venue_###_theatre_###_nightclub_###_jungle_###_biome_###_point_###_darkroom,{},no tags are relavent,"[""darkroom"",""Wales"",""biome""]"
14,167,11,Sun Nov 24 13:44:08 PST 2019,Sun Nov 24 13:50:31 PST 2019,383,Z6xTxbQeSsI.mp4,world_###_Wales_###_Saint Paul's Cathedral_###_music venue_###_theatre_###_nightclub_###_jungle_###_biome_###_point_###_darkroom,It is a playhouse in an underground cave,It is a playhouse in a cave.,"[""darkroom""]"
14,168,19,Sun Nov 24 13:30:26 PST 2019,Sun Nov 24 13:35:27 PST 2019,301,Z6xTxbQeSsI.mp4,world_###_Wales_###_Saint Paul's Cathedral_###_music venue_###_theatre_###_nightclub_###_jungle_###_biome_###_point_###_darkroom,none of the other tags are relevant to the video,{},"[""biome""]"
14,169,21,Sun Nov 24 13:22:30 PST 2019,Sun Nov 24 13:24:25 PST 2019,115,Z6xTxbQeSsI.mp4,world_###_Wales_###_Saint Paul's Cathedral_###_music venue_###_theatre_###_nightclub_###_jungle_###_biome_###_point_###_darkroom,{},{},"[""biome"",""darkroom"",""theatre""]"
14,170,17,Sun Nov 24 13:23:12 PST 2019,Sun Nov 24 13:42:06 PST 2019,1134,Z6xTxbQeSsI.mp4,world_###_Wales_###_Saint Paul's Cathedral_###_music venue_###_theatre_###_nightclub_###_jungle_###_biome_###_point_###_darkroom,{},{},"[""theatre"",""music venue"",""biome"",""darkroom""]"
14,171,13,Sun Nov 24 13:29:53 PST 2019,Sun Nov 24 13:38:56 PST 2019,543,Z6xTxbQeSsI.mp4,world_###_Wales_###_Saint Paul's Cathedral_###_music venue_###_theatre_###_nightclub_###_jungle_###_biome_###_point_###_darkroom,{},None of the tags have to do with trampolines,[]
14,172,23,Sun Nov 24 13:32:51 PST 2019,Sun Nov 24 13:39:38 PST 2019,407,Z6xTxbQeSsI.mp4,world_###_Wales_###_Saint Paul's Cathedral_###_music venue_###_theatre_###_nightclub_###_jungle_###_biome_###_point_###_darkroom,None of the other tags are relevant to any locations or places shown in the video.,{},"[""Wales"",""world""]"
14,173,7,Sun Nov 24 13:23:10 PST 2019,Sun Nov 24 13:28:04 PST 2019,294,Z6xTxbQeSsI.mp4,world_###_Wales_###_Saint Paul's Cathedral_###_music venue_###_theatre_###_nightclub_###_jungle_###_biome_###_point_###_darkroom,{},{},"[""world"",""darkroom"",""Wales""]"
14,174,9,Sun Nov 24 13:37:30 PST 2019,Sun Nov 24 13:53:43 PST 2019,973,Z6xTxbQeSsI.mp4,world_###_Wales_###_Saint Paul's Cathedral_###_music venue_###_theatre_###_nightclub_###_jungle_###_biome_###_point_###_darkroom,{},{},"[""Wales"",""nightclub"",""music venue""]"
14,175,20,Sun Nov 24 13:35:50 PST 2019,Sun Nov 24 13:44:28 PST 2019,518,Z6xTxbQeSsI.mp4,world_###_Wales_###_Saint Paul's Cathedral_###_music venue_###_theatre_###_nightclub_###_jungle_###_biome_###_point_###_darkroom,"locations are a cave, mine, and underground","locations include a cave, mine, and underground.",[]
14,176,18,Sun Nov 24 13:32:22 PST 2019,Sun Nov 24 13:34:08 PST 2019,106,Z6xTxbQeSsI.mp4,world_###_Wales_###_Saint Paul's Cathedral_###_music venue_###_theatre_###_nightclub_###_jungle_###_biome_###_point_###_darkroom,"no tags for playroom, cavern, cave, wales",{},"[""Saint Paul's Cathedral""]"
14,177,12,Sun Nov 24 13:24:04 PST 2019,Sun Nov 24 13:33:29 PST 2019,565,Z6xTxbQeSsI.mp4,world_###_Wales_###_Saint Paul's Cathedral_###_music venue_###_theatre_###_nightclub_###_jungle_###_biome_###_point_###_darkroom,{},{},"[""theatre"",""world"",""point""]"
14,178,2,Sun Nov 24 13:22:57 PST 2019,Sun Nov 24 13:40:55 PST 2019,1078,Z6xTxbQeSsI.mp4,world_###_Wales_###_Saint Paul's Cathedral_###_music venue_###_theatre_###_nightclub_###_jungle_###_biome_###_point_###_darkroom,{},None of these are related to the clip.,[]
14,179,8,Sun Nov 24 13:26:27 PST 2019,Sun Nov 24 13:39:55 PST 2019,808,Z6xTxbQeSsI.mp4,world_###_Wales_###_Saint Paul's Cathedral_###_music venue_###_theatre_###_nightclub_###_jungle_###_biome_###_point_###_darkroom,{},{},"[""world"",""point"",""darkroom""]"
14,180,10,Sun Nov 24 13:23:40 PST 2019,Sun Nov 24 13:30:21 PST 2019,401,Z6xTxbQeSsI.mp4,world_###_Wales_###_Saint Paul's Cathedral_###_music venue_###_theatre_###_nightclub_###_jungle_###_biome_###_point_###_darkroom,{},No tags are at all relevant to the video,[]
3,181,4,Sun Nov 24 13:35:03 PST 2019,Sun Nov 24 13:38:10 PST 2019,187,Z6xTxbQeSsI.mp4,mine_###_cave_###_forest_###_ecosystem_###_stage_###_musical theatre_###_atmosphere of earth_###_net_###_sport venue_###_sky,{},{},"[""mine"",""cave"",""net""]"
3,182,17,Sun Nov 24 13:23:04 PST 2019,Sun Nov 24 13:39:43 PST 2019,999,Z6xTxbQeSsI.mp4,mine_###_cave_###_forest_###_ecosystem_###_stage_###_musical theatre_###_atmosphere of earth_###_net_###_sport venue_###_sky,{},{},"[""stage"",""cave"",""sport venue"",""musical theatre""]"
3,183,22,Sun Nov 24 13:23:52 PST 2019,Sun Nov 24 13:27:04 PST 2019,192,Z6xTxbQeSsI.mp4,mine_###_cave_###_forest_###_ecosystem_###_stage_###_musical theatre_###_atmosphere of earth_###_net_###_sport venue_###_sky,{},{},"[""mine"",""net"",""sport venue"",""cave""]"
3,184,18,Sun Nov 24 13:34:09 PST 2019,Sun Nov 24 13:35:35 PST 2019,86,Z6xTxbQeSsI.mp4,mine_###_cave_###_forest_###_ecosystem_###_stage_###_musical theatre_###_atmosphere of earth_###_net_###_sport venue_###_sky,"No tags for St. Pauls Cathedral, playroom, cavern, wales",{},"[""mine"",""cave""]"
3,185,16,Sun Nov 24 13:39:46 PST 2019,Sun Nov 24 13:56:58 PST 2019,1032,Z6xTxbQeSsI.mp4,mine_###_cave_###_forest_###_ecosystem_###_stage_###_musical theatre_###_atmosphere of earth_###_net_###_sport venue_###_sky,{},{},"[""sport venue"",""net"",""mine"",""cave""]"
3,186,23,Sun Nov 24 13:32:56 PST 2019,Sun Nov 24 13:41:38 PST 2019,522,Z6xTxbQeSsI.mp4,mine_###_cave_###_forest_###_ecosystem_###_stage_###_musical theatre_###_atmosphere of earth_###_net_###_sport venue_###_sky,{},{},"[""cave"",""mine"",""net""]"
3,187,10,Sun Nov 24 13:24:25 PST 2019,Sun Nov 24 13:37:51 PST 2019,806,Z6xTxbQeSsI.mp4,mine_###_cave_###_forest_###_ecosystem_###_stage_###_musical theatre_###_atmosphere of earth_###_net_###_sport venue_###_sky,{},{},"[""cave"",""net"",""mine""]"
3,188,8,Sun Nov 24 13:26:23 PST 2019,Sun Nov 24 13:37:46 PST 2019,683,Z6xTxbQeSsI.mp4,mine_###_cave_###_forest_###_ecosystem_###_stage_###_musical theatre_###_atmosphere of earth_###_net_###_sport venue_###_sky,{},{},"[""stage"",""net"",""sport venue""]"
3,189,5,Sun Nov 24 13:23:40 PST 2019,Sun Nov 24 13:26:12 PST 2019,152,Z6xTxbQeSsI.mp4,mine_###_cave_###_forest_###_ecosystem_###_stage_###_musical theatre_###_atmosphere of earth_###_net_###_sport venue_###_sky,{},{},"[""cave"",""atmosphere of earth"",""mine"",""musical theatre"",""sport venue""]"
3,190,20,Sun Nov 24 13:29:42 PST 2019,Sun Nov 24 13:34:36 PST 2019,294,Z6xTxbQeSsI.mp4,mine_###_cave_###_forest_###_ecosystem_###_stage_###_musical theatre_###_atmosphere of earth_###_net_###_sport venue_###_sky,{},{},"[""net"",""cave"",""mine""]"
3,191,7,Sun Nov 24 13:23:38 PST 2019,Sun Nov 24 13:29:51 PST 2019,373,Z6xTxbQeSsI.mp4,mine_###_cave_###_forest_###_ecosystem_###_stage_###_musical theatre_###_atmosphere of earth_###_net_###_sport venue_###_sky,{},{},"[""cave"",""mine"",""sport venue""]"
3,192,19,Sun Nov 24 13:30:36 PST 2019,Sun Nov 24 13:38:18 PST 2019,462,Z6xTxbQeSsI.mp4,mine_###_cave_###_forest_###_ecosystem_###_stage_###_musical theatre_###_atmosphere of earth_###_net_###_sport venue_###_sky,{},{},"[""ecosystem"",""mine"",""cave""]"
3,193,21,Sun Nov 24 13:22:38 PST 2019,Sun Nov 24 13:30:42 PST 2019,484,Z6xTxbQeSsI.mp4,mine_###_cave_###_forest_###_ecosystem_###_stage_###_musical theatre_###_atmosphere of earth_###_net_###_sport venue_###_sky,{},{},"[""musical theatre"",""net"",""stage""]"
3,194,12,Sun Nov 24 13:24:16 PST 2019,Sun Nov 24 13:36:33 PST 2019,737,Z6xTxbQeSsI.mp4,mine_###_cave_###_forest_###_ecosystem_###_stage_###_musical theatre_###_atmosphere of earth_###_net_###_sport venue_###_sky,{},{},"[""net"",""stage"",""sport venue""]"
3,195,13,Sun Nov 24 13:30:02 PST 2019,Sun Nov 24 13:46:51 PST 2019,1009,Z6xTxbQeSsI.mp4,mine_###_cave_###_forest_###_ecosystem_###_stage_###_musical theatre_###_atmosphere of earth_###_net_###_sport venue_###_sky,none of the other tags are relevant,{},"[""net"",""sport venue""]"
18,196,9,Sun Nov 24 13:37:28 PST 2019,Sun Nov 24 13:50:25 PST 2019,777,zSsnGkNRAlE.mp4,studio_###_residential area_###_window_###_shack_###_shed_###_log cabin_###_sugar house_###_suburb_###_house_###_roof,{},{},"[""shack"",""studio"",""shed""]"
18,197,20,Sun Nov 24 13:29:46 PST 2019,Sun Nov 24 13:38:26 PST 2019,520,zSsnGkNRAlE.mp4,studio_###_residential area_###_window_###_shack_###_shed_###_log cabin_###_sugar house_###_suburb_###_house_###_roof,{},{},"[""residential area"",""studio"",""suburb""]"
18,198,7,Sun Nov 24 13:23:42 PST 2019,Sun Nov 24 13:30:04 PST 2019,382,zSsnGkNRAlE.mp4,studio_###_residential area_###_window_###_shack_###_shed_###_log cabin_###_sugar house_###_suburb_###_house_###_roof,{},{},"[""residential area"",""house"",""studio""]"
18,199,18,Sun Nov 24 13:52:21 PST 2019,Sun Nov 24 14:02:22 PST 2019,601,zSsnGkNRAlE.mp4,studio_###_residential area_###_window_###_shack_###_shed_###_log cabin_###_sugar house_###_suburb_###_house_###_roof,{},"none of the tags mention cnn, los angeles, hospital",[]
18,200,13,Sun Nov 24 13:29:57 PST 2019,Sun Nov 24 13:43:22 PST 2019,805,zSsnGkNRAlE.mp4,studio_###_residential area_###_window_###_shack_###_shed_###_log cabin_###_sugar house_###_suburb_###_house_###_roof,none of the other tags are relevant,{},"[""studio""]"
18,201,11,Sun Nov 24 13:54:16 PST 2019,Sun Nov 24 13:55:55 PST 2019,99,zSsnGkNRAlE.mp4,studio_###_residential area_###_window_###_shack_###_shed_###_log cabin_###_sugar house_###_suburb_###_house_###_roof,Charlie Sheen is talking about working.,{},"[""studio""]"
18,202,23,Sun Nov 24 13:32:48 PST 2019,Sun Nov 24 13:38:27 PST 2019,339,zSsnGkNRAlE.mp4,studio_###_residential area_###_window_###_shack_###_shed_###_log cabin_###_sugar house_###_suburb_###_house_###_roof,None of the other tags are relevant to any locations or places shown in the video.,{},"[""studio""]"
18,203,19,Sun Nov 24 13:30:37 PST 2019,Sun Nov 24 13:38:38 PST 2019,481,zSsnGkNRAlE.mp4,studio_###_residential area_###_window_###_shack_###_shed_###_log cabin_###_sugar house_###_suburb_###_house_###_roof,studio is the only tag that is relevant to this video,{},"[""studio""]"
18,204,12,Sun Nov 24 13:23:49 PST 2019,Sun Nov 24 13:29:25 PST 2019,336,zSsnGkNRAlE.mp4,studio_###_residential area_###_window_###_shack_###_shed_###_log cabin_###_sugar house_###_suburb_###_house_###_roof,{},{},"[""suburb"",""studio"",""roof"",""residential area"",""window"",""house""]"
18,205,17,Sun Nov 24 13:23:15 PST 2019,Sun Nov 24 13:42:51 PST 2019,1176,zSsnGkNRAlE.mp4,studio_###_residential area_###_window_###_shack_###_shed_###_log cabin_###_sugar house_###_suburb_###_house_###_roof,{},{},"[""residential area"",""suburb"",""studio""]"
18,206,21,Sun Nov 24 13:22:41 PST 2019,Sun Nov 24 13:32:38 PST 2019,597,zSsnGkNRAlE.mp4,studio_###_residential area_###_window_###_shack_###_shed_###_log cabin_###_sugar house_###_suburb_###_house_###_roof,{},{},"[""studio"",""residential area"",""suburb""]"
18,207,22,Sun Nov 24 13:38:46 PST 2019,Sun Nov 24 13:55:07 PST 2019,981,zSsnGkNRAlE.mp4,studio_###_residential area_###_window_###_shack_###_shed_###_log cabin_###_sugar house_###_suburb_###_house_###_roof,{},{},"[""studio"",""window"",""roof""]"
18,208,8,Sun Nov 24 13:26:29 PST 2019,Sun Nov 24 13:42:05 PST 2019,936,zSsnGkNRAlE.mp4,studio_###_residential area_###_window_###_shack_###_shed_###_log cabin_###_sugar house_###_suburb_###_house_###_roof,{},{},"[""residential area"",""suburb"",""house""]"
18,209,10,Sun Nov 24 13:24:59 PST 2019,Sun Nov 24 13:38:18 PST 2019,799,zSsnGkNRAlE.mp4,studio_###_residential area_###_window_###_shack_###_shed_###_log cabin_###_sugar house_###_suburb_###_house_###_roof,{},{},"[""residential area"",""studio"",""house""]"
18,210,3,Sun Nov 24 13:37:52 PST 2019,Sun Nov 24 13:50:33 PST 2019,761,zSsnGkNRAlE.mp4,studio_###_residential area_###_window_###_shack_###_shed_###_log cabin_###_sugar house_###_suburb_###_house_###_roof,{},{},"[""house"",""studio"",""residential area""]"
9,211,10,Sun Nov 24 13:26:32 PST 2019,Sun Nov 24 13:39:39 PST 2019,787,zSsnGkNRAlE.mp4,hospital_###_structure_###_land lot_###_stage_###_building_###_home_###_fence_###_cottage_###_facade_###_neighbourhood,{},{},"[""building"",""home"",""stage""]"
9,212,7,Sun Nov 24 13:22:54 PST 2019,Sun Nov 24 13:26:40 PST 2019,226,zSsnGkNRAlE.mp4,hospital_###_structure_###_land lot_###_stage_###_building_###_home_###_fence_###_cottage_###_facade_###_neighbourhood,{},{},"[""stage"",""fence"",""structure"",""building"",""home"",""neighbourhood""]"
9,213,12,Sun Nov 24 13:23:54 PST 2019,Sun Nov 24 13:30:09 PST 2019,375,zSsnGkNRAlE.mp4,hospital_###_structure_###_land lot_###_stage_###_building_###_home_###_fence_###_cottage_###_facade_###_neighbourhood,{},{},"[""building"",""facade"",""land lot"",""home"",""stage"",""neighbourhood""]"
9,214,3,Sun Nov 24 13:35:59 PST 2019,Sun Nov 24 13:53:58 PST 2019,1079,zSsnGkNRAlE.mp4,hospital_###_structure_###_land lot_###_stage_###_building_###_home_###_fence_###_cottage_###_facade_###_neighbourhood,{},{},"[""building"",""neighbourhood"",""hospital"",""home""]"
9,215,22,Sun Nov 24 13:24:06 PST 2019,Sun Nov 24 13:32:30 PST 2019,504,zSsnGkNRAlE.mp4,hospital_###_structure_###_land lot_###_stage_###_building_###_home_###_fence_###_cottage_###_facade_###_neighbourhood,{},{},"[""land lot"",""structure"",""facade"",""building"",""stage"",""fence""]"
9,216,8,Sun Nov 24 13:26:26 PST 2019,Sun Nov 24 13:39:52 PST 2019,806,zSsnGkNRAlE.mp4,hospital_###_structure_###_land lot_###_stage_###_building_###_home_###_fence_###_cottage_###_facade_###_neighbourhood,{},{},"[""stage"",""home"",""hospital""]"
9,217,5,Sun Nov 24 13:31:56 PST 2019,Sun Nov 24 13:38:33 PST 2019,397,zSsnGkNRAlE.mp4,hospital_###_structure_###_land lot_###_stage_###_building_###_home_###_fence_###_cottage_###_facade_###_neighbourhood,{},{},"[""hospital"",""neighbourhood"",""building"",""stage"",""land lot"",""home"",""fence"",""structure""]"
9,218,23,Sun Nov 24 13:32:50 PST 2019,Sun Nov 24 13:39:06 PST 2019,376,zSsnGkNRAlE.mp4,hospital_###_structure_###_land lot_###_stage_###_building_###_home_###_fence_###_cottage_###_facade_###_neighbourhood,None of the other tags are relevant to any locations or places shown in the video.,{},"[""building"",""stage""]"
9,219,13,Sun Nov 24 13:25:52 PST 2019,Sun Nov 24 13:26:47 PST 2019,55,zSsnGkNRAlE.mp4,hospital_###_structure_###_land lot_###_stage_###_building_###_home_###_fence_###_cottage_###_facade_###_neighbourhood,{},the tags aren't relevant to the video at all,[]
9,220,17,Sun Nov 24 13:23:11 PST 2019,Sun Nov 24 13:41:45 PST 2019,1114,zSsnGkNRAlE.mp4,hospital_###_structure_###_land lot_###_stage_###_building_###_home_###_fence_###_cottage_###_facade_###_neighbourhood,{},{},"[""stage"",""land lot"",""building"",""neighbourhood""]"
9,221,9,Sun Nov 24 13:38:04 PST 2019,Sun Nov 24 13:55:27 PST 2019,1043,zSsnGkNRAlE.mp4,hospital_###_structure_###_land lot_###_stage_###_building_###_home_###_fence_###_cottage_###_facade_###_neighbourhood,{},{},"[""building"",""stage"",""facade""]"
9,222,15,Sun Nov 24 13:34:07 PST 2019,Sun Nov 24 13:35:41 PST 2019,94,zSsnGkNRAlE.mp4,hospital_###_structure_###_land lot_###_stage_###_building_###_home_###_fence_###_cottage_###_facade_###_neighbourhood,{},These tags no not fit into the story about charlie sheen at all.,[]
9,223,19,Sun Nov 24 13:30:23 PST 2019,Sun Nov 24 13:34:15 PST 2019,232,zSsnGkNRAlE.mp4,hospital_###_structure_###_land lot_###_stage_###_building_###_home_###_fence_###_cottage_###_facade_###_neighbourhood,stage is the only relevant tag from this list,{},"[""stage""]"
9,224,21,Sun Nov 24 13:22:33 PST 2019,Sun Nov 24 13:26:55 PST 2019,262,zSsnGkNRAlE.mp4,hospital_###_structure_###_land lot_###_stage_###_building_###_home_###_fence_###_cottage_###_facade_###_neighbourhood,{},{},"[""hospital"",""home"",""stage""]"
9,225,20,Sun Nov 24 13:29:44 PST 2019,Sun Nov 24 13:36:42 PST 2019,418,zSsnGkNRAlE.mp4,hospital_###_structure_###_land lot_###_stage_###_building_###_home_###_fence_###_cottage_###_facade_###_neighbourhood,the main location is a news studio and outside of a building,{},"[""structure"",""building"",""neighbourhood""]"
20,226,13,Sun Nov 24 13:26:46 PST 2019,Sun Nov 24 13:27:23 PST 2019,37,X-zLKAGEFmg.mp4,race track_###_city_###_building_###_street_###_public space_###_sport venue,{},{},"[""public space"",""street"",""city"",""building""]"
20,227,19,Sun Nov 24 13:30:31 PST 2019,Sun Nov 24 13:37:12 PST 2019,401,X-zLKAGEFmg.mp4,race track_###_city_###_building_###_street_###_public space_###_sport venue,{},{},"[""public space"",""building"",""street"",""city""]"
20,228,23,Sun Nov 24 13:32:50 PST 2019,Sun Nov 24 13:38:35 PST 2019,345,X-zLKAGEFmg.mp4,race track_###_city_###_building_###_street_###_public space_###_sport venue,{},{},"[""public space"",""city"",""building"",""street""]"
20,229,5,Sun Nov 24 13:33:38 PST 2019,Sun Nov 24 13:39:40 PST 2019,362,X-zLKAGEFmg.mp4,race track_###_city_###_building_###_street_###_public space_###_sport venue,{},{},"[""building"",""city"",""public space"",""street""]"
20,230,17,Sun Nov 24 13:23:00 PST 2019,Sun Nov 24 13:30:57 PST 2019,477,X-zLKAGEFmg.mp4,race track_###_city_###_building_###_street_###_public space_###_sport venue,{},{},"[""public space"",""city"",""street"",""race track"",""building""]"
20,231,8,Sun Nov 24 13:26:36 PST 2019,Sun Nov 24 13:44:25 PST 2019,1069,X-zLKAGEFmg.mp4,race track_###_city_###_building_###_street_###_public space_###_sport venue,{},{},"[""city"",""building"",""street"",""public space""]"
20,232,21,Sun Nov 24 13:22:40 PST 2019,Sun Nov 24 13:32:21 PST 2019,581,X-zLKAGEFmg.mp4,race track_###_city_###_building_###_street_###_public space_###_sport venue,{},{},"[""street"",""city"",""public space""]"
20,233,7,Sun Nov 24 13:22:38 PST 2019,Sun Nov 24 13:25:09 PST 2019,151,X-zLKAGEFmg.mp4,race track_###_city_###_building_###_street_###_public space_###_sport venue,{},{},"[""building"",""public space"",""city"",""street""]"
20,234,10,Sun Nov 24 13:23:35 PST 2019,Sun Nov 24 13:26:31 PST 2019,176,X-zLKAGEFmg.mp4,race track_###_city_###_building_###_street_###_public space_###_sport venue,{},{},"[""city"",""building"",""street"",""public space""]"
20,235,15,Sun Nov 24 13:32:33 PST 2019,Sun Nov 24 13:34:07 PST 2019,94,X-zLKAGEFmg.mp4,race track_###_city_###_building_###_street_###_public space_###_sport venue,{},This is a red carpet event in Hollywood and have nothing to do with the tags.,[]
20,236,1,Sun Nov 24 13:26:54 PST 2019,Sun Nov 24 13:44:52 PST 2019,1078,X-zLKAGEFmg.mp4,race track_###_city_###_building_###_street_###_public space_###_sport venue,It is red carpet not a regular street,"It is a red carpet event, not quite a public street or event.",[]
20,237,22,Sun Nov 24 13:23:54 PST 2019,Sun Nov 24 13:28:37 PST 2019,283,X-zLKAGEFmg.mp4,race track_###_city_###_building_###_street_###_public space_###_sport venue,{},{},"[""public space"",""street"",""city""]"
20,238,12,Sun Nov 24 13:24:12 PST 2019,Sun Nov 24 13:35:36 PST 2019,684,X-zLKAGEFmg.mp4,race track_###_city_###_building_###_street_###_public space_###_sport venue,{},{},"[""public space"",""street"",""city"",""building""]"
20,239,4,Sun Nov 24 13:33:21 PST 2019,Sun Nov 24 13:35:42 PST 2019,141,X-zLKAGEFmg.mp4,race track_###_city_###_building_###_street_###_public space_###_sport venue,{},{},"[""city"",""public space"",""street""]"
20,240,11,Sun Nov 24 13:33:31 PST 2019,Sun Nov 24 13:41:06 PST 2019,455,X-zLKAGEFmg.mp4,race track_###_city_###_building_###_street_###_public space_###_sport venue,{},{},"[""city"",""public space"",""building""]"
12,241,23,Sun Nov 24 13:37:00 PST 2019,Sun Nov 24 13:44:28 PST 2019,448,i61j1noX0Kw.mp4,volcanic landform_###_polar ice cap_###_horizon_###_headland_###_tundra_###_arctic_###_fjord_###_ridge_###_cirque_###_hill station_###_arctic ocean,{},{},"[""tundra"",""arctic"",""arctic ocean""]"
12,242,13,Sun Nov 24 13:24:52 PST 2019,Sun Nov 24 13:26:14 PST 2019,82,i61j1noX0Kw.mp4,volcanic landform_###_polar ice cap_###_horizon_###_headland_###_tundra_###_arctic_###_fjord_###_ridge_###_cirque_###_hill station_###_arctic ocean,{},{},"[""arctic ocean"",""arctic"",""polar ice cap""]"
12,243,7,Sun Nov 24 13:22:34 PST 2019,Sun Nov 24 13:24:48 PST 2019,134,i61j1noX0Kw.mp4,volcanic landform_###_polar ice cap_###_horizon_###_headland_###_tundra_###_arctic_###_fjord_###_ridge_###_cirque_###_hill station_###_arctic ocean,{},{},"[""arctic"",""horizon"",""arctic ocean""]"
12,244,10,Sun Nov 24 13:24:10 PST 2019,Sun Nov 24 13:34:52 PST 2019,642,i61j1noX0Kw.mp4,volcanic landform_###_polar ice cap_###_horizon_###_headland_###_tundra_###_arctic_###_fjord_###_ridge_###_cirque_###_hill station_###_arctic ocean,{},{},"[""arctic ocean"",""polar ice cap"",""arctic""]"
12,245,9,Sun Nov 24 13:37:27 PST 2019,Sun Nov 24 13:48:58 PST 2019,691,i61j1noX0Kw.mp4,volcanic landform_###_polar ice cap_###_horizon_###_headland_###_tundra_###_arctic_###_fjord_###_ridge_###_cirque_###_hill station_###_arctic ocean,{},{},"[""arctic ocean"",""arctic"",""polar ice cap""]"
12,246,12,Sun Nov 24 13:23:56 PST 2019,Sun Nov 24 13:30:36 PST 2019,400,i61j1noX0Kw.mp4,volcanic landform_###_polar ice cap_###_horizon_###_headland_###_tundra_###_arctic_###_fjord_###_ridge_###_cirque_###_hill station_###_arctic ocean,{},{},"[""horizon"",""arctic"",""polar ice cap"",""arctic ocean""]"
12,247,8,Sun Nov 24 13:26:24 PST 2019,Sun Nov 24 13:37:34 PST 2019,670,i61j1noX0Kw.mp4,volcanic landform_###_polar ice cap_###_horizon_###_headland_###_tundra_###_arctic_###_fjord_###_ridge_###_cirque_###_hill station_###_arctic ocean,{},{},"[""arctic ocean"",""horizon"",""polar ice cap""]"
12,248,16,Sun Nov 24 13:35:49 PST 2019,Sun Nov 24 13:39:18 PST 2019,209,i61j1noX0Kw.mp4,volcanic landform_###_polar ice cap_###_horizon_###_headland_###_tundra_###_arctic_###_fjord_###_ridge_###_cirque_###_hill station_###_arctic ocean,{},{},"[""arctic ocean"",""arctic"",""fjord"",""polar ice cap""]"
12,249,21,Sun Nov 24 13:22:31 PST 2019,Sun Nov 24 13:25:49 PST 2019,198,i61j1noX0Kw.mp4,volcanic landform_###_polar ice cap_###_horizon_###_headland_###_tundra_###_arctic_###_fjord_###_ridge_###_cirque_###_hill station_###_arctic ocean,{},{},"[""arctic ocean"",""horizon"",""polar ice cap""]"
12,250,5,Sun Nov 24 13:26:27 PST 2019,Sun Nov 24 13:33:07 PST 2019,400,i61j1noX0Kw.mp4,volcanic landform_###_polar ice cap_###_horizon_###_headland_###_tundra_###_arctic_###_fjord_###_ridge_###_cirque_###_hill station_###_arctic ocean,{},{},"[""fjord"",""polar ice cap"",""horizon"",""arctic ocean"",""arctic""]"
12,251,17,Sun Nov 24 13:23:00 PST 2019,Sun Nov 24 13:37:41 PST 2019,881,i61j1noX0Kw.mp4,volcanic landform_###_polar ice cap_###_horizon_###_headland_###_tundra_###_arctic_###_fjord_###_ridge_###_cirque_###_hill station_###_arctic ocean,{},{},"[""arctic ocean"",""arctic"",""polar ice cap"",""volcanic landform""]"
12,252,20,Sun Nov 24 13:29:48 PST 2019,Sun Nov 24 13:40:14 PST 2019,626,i61j1noX0Kw.mp4,volcanic landform_###_polar ice cap_###_horizon_###_headland_###_tundra_###_arctic_###_fjord_###_ridge_###_cirque_###_hill station_###_arctic ocean,{},{},"[""horizon"",""arctic"",""polar ice cap"",""fjord"",""arctic ocean""]"
12,253,4,Sun Nov 24 13:35:13 PST 2019,Sun Nov 24 13:45:13 PST 2019,600,i61j1noX0Kw.mp4,volcanic landform_###_polar ice cap_###_horizon_###_headland_###_tundra_###_arctic_###_fjord_###_ridge_###_cirque_###_hill station_###_arctic ocean,{},{},"[""arctic ocean"",""polar ice cap"",""arctic""]"
12,254,19,Sun Nov 24 13:30:28 PST 2019,Sun Nov 24 13:36:21 PST 2019,353,i61j1noX0Kw.mp4,volcanic landform_###_polar ice cap_###_horizon_###_headland_###_tundra_###_arctic_###_fjord_###_ridge_###_cirque_###_hill station_###_arctic ocean,{},{},"[""arctic"",""arctic ocean"",""polar ice cap""]"
12,255,2,Sun Nov 24 13:22:59 PST 2019,Sun Nov 24 13:41:13 PST 2019,1094,i61j1noX0Kw.mp4,volcanic landform_###_polar ice cap_###_horizon_###_headland_###_tundra_###_arctic_###_fjord_###_ridge_###_cirque_###_hill station_###_arctic ocean,{},{},"[""volcanic landform"",""fjord"",""horizon"",""tundra"",""arctic"",""arctic ocean"",""polar ice cap""]"
6,256,8,Sun Nov 24 13:26:35 PST 2019,Sun Nov 24 13:43:59 PST 2019,1044,i61j1noX0Kw.mp4,sea_###_river_###_coast_###_massif_###_earth_###_ecoregion_###_lake district_###_fixed link_###_atmosphere of earth_###_hill_###_mountainous landforms,{},{},"[""atmosphere of earth"",""sea"",""earth""]"
6,257,4,Sun Nov 24 13:36:11 PST 2019,Sun Nov 24 13:38:16 PST 2019,125,i61j1noX0Kw.mp4,sea_###_river_###_coast_###_massif_###_earth_###_ecoregion_###_lake district_###_fixed link_###_atmosphere of earth_###_hill_###_mountainous landforms,{},{},"[""sea"",""fixed link"",""coast""]"
6,258,5,Sun Nov 24 13:34:07 PST 2019,Sun Nov 24 13:40:38 PST 2019,391,i61j1noX0Kw.mp4,sea_###_river_###_coast_###_massif_###_earth_###_ecoregion_###_lake district_###_fixed link_###_atmosphere of earth_###_hill_###_mountainous landforms,{},{},"[""sea"",""earth"",""mountainous landforms"",""ecoregion"",""coast""]"
6,259,17,Sun Nov 24 13:23:16 PST 2019,Sun Nov 24 13:43:03 PST 2019,1187,i61j1noX0Kw.mp4,sea_###_river_###_coast_###_massif_###_earth_###_ecoregion_###_lake district_###_fixed link_###_atmosphere of earth_###_hill_###_mountainous landforms,{},{},"[""coast"",""mountainous landforms"",""sea"",""ecoregion"",""earth""]"
6,260,10,Sun Nov 24 13:23:38 PST 2019,Sun Nov 24 13:28:22 PST 2019,284,i61j1noX0Kw.mp4,sea_###_river_###_coast_###_massif_###_earth_###_ecoregion_###_lake district_###_fixed link_###_atmosphere of earth_###_hill_###_mountainous landforms,{},{},"[""ecoregion"",""earth"",""sea""]"
6,261,20,Sun Nov 24 13:36:24 PST 2019,Sun Nov 24 13:52:13 PST 2019,949,i61j1noX0Kw.mp4,sea_###_river_###_coast_###_massif_###_earth_###_ecoregion_###_lake district_###_fixed link_###_atmosphere of earth_###_hill_###_mountainous landforms,{},{},"[""sea"",""earth"",""coast"",""ecoregion""]"
6,262,19,Sun Nov 24 13:30:30 PST 2019,Sun Nov 24 13:36:55 PST 2019,385,i61j1noX0Kw.mp4,sea_###_river_###_coast_###_massif_###_earth_###_ecoregion_###_lake district_###_fixed link_###_atmosphere of earth_###_hill_###_mountainous landforms,{},{},"[""earth"",""coast"",""ecoregion"",""sea""]"
6,263,22,Sun Nov 24 13:24:15 PST 2019,Sun Nov 24 13:43:53 PST 2019,1178,i61j1noX0Kw.mp4,sea_###_river_###_coast_###_massif_###_earth_###_ecoregion_###_lake district_###_fixed link_###_atmosphere of earth_###_hill_###_mountainous landforms,{},{},"[""mountainous landforms"",""coast"",""atmosphere of earth"",""sea"",""earth"",""ecoregion""]"
6,264,7,Sun Nov 24 13:23:58 PST 2019,Sun Nov 24 13:31:11 PST 2019,433,i61j1noX0Kw.mp4,sea_###_river_###_coast_###_massif_###_earth_###_ecoregion_###_lake district_###_fixed link_###_atmosphere of earth_###_hill_###_mountainous landforms,{},{},"[""mountainous landforms"",""coast"",""earth"",""ecoregion"",""sea""]"
6,265,23,Sun Nov 24 13:37:04 PST 2019,Sun Nov 24 13:48:04 PST 2019,660,i61j1noX0Kw.mp4,sea_###_river_###_coast_###_massif_###_earth_###_ecoregion_###_lake district_###_fixed link_###_atmosphere of earth_###_hill_###_mountainous landforms,{},{},"[""atmosphere of earth"",""ecoregion"",""sea"",""earth""]"
6,266,9,Sun Nov 24 13:35:50 PST 2019,Sun Nov 24 13:37:05 PST 2019,75,i61j1noX0Kw.mp4,sea_###_river_###_coast_###_massif_###_earth_###_ecoregion_###_lake district_###_fixed link_###_atmosphere of earth_###_hill_###_mountainous landforms,{},{},"[""atmosphere of earth"",""earth"",""sea""]"
6,267,21,Sun Nov 24 13:22:41 PST 2019,Sun Nov 24 13:33:05 PST 2019,624,i61j1noX0Kw.mp4,sea_###_river_###_coast_###_massif_###_earth_###_ecoregion_###_lake district_###_fixed link_###_atmosphere of earth_###_hill_###_mountainous landforms,{},{},"[""sea"",""earth"",""atmosphere of earth""]"
6,268,12,Sun Nov 24 13:23:52 PST 2019,Sun Nov 24 13:29:42 PST 2019,350,i61j1noX0Kw.mp4,sea_###_river_###_coast_###_massif_###_earth_###_ecoregion_###_lake district_###_fixed link_###_atmosphere of earth_###_hill_###_mountainous landforms,{},{},"[""sea"",""mountainous landforms"",""earth"",""coast""]"
6,269,15,Sun Nov 24 13:39:00 PST 2019,Sun Nov 24 13:40:13 PST 2019,73,i61j1noX0Kw.mp4,sea_###_river_###_coast_###_massif_###_earth_###_ecoregion_###_lake district_###_fixed link_###_atmosphere of earth_###_hill_###_mountainous landforms,{},{},"[""atmosphere of earth"",""ecoregion"",""sea"",""earth""]"
6,270,13,Sun Nov 24 13:29:02 PST 2019,Sun Nov 24 13:33:54 PST 2019,292,i61j1noX0Kw.mp4,sea_###_river_###_coast_###_massif_###_earth_###_ecoregion_###_lake district_###_fixed link_###_atmosphere of earth_###_hill_###_mountainous landforms,{},{},"[""sea"",""atmosphere of earth"",""earth""]"
19,271,13,Sun Nov 24 13:23:48 PST 2019,Sun Nov 24 13:25:13 PST 2019,85,i61j1noX0Kw.mp4,glacier_###_bay_###_piste_###_terrain_###_ocean_###_summit_###_sky_###_loch_###_moraine_###_mountain range_###_ice cap,{},{},"[""glacier"",""ice cap"",""sky"",""ocean""]"
19,272,10,Sun Nov 24 13:23:35 PST 2019,Sun Nov 24 13:25:49 PST 2019,134,i61j1noX0Kw.mp4,glacier_###_bay_###_piste_###_terrain_###_ocean_###_summit_###_sky_###_loch_###_moraine_###_mountain range_###_ice cap,{},{},"[""ocean"",""glacier"",""ice cap"",""sky""]"
19,273,19,Sun Nov 24 13:30:35 PST 2019,Sun Nov 24 13:38:02 PST 2019,447,i61j1noX0Kw.mp4,glacier_###_bay_###_piste_###_terrain_###_ocean_###_summit_###_sky_###_loch_###_moraine_###_mountain range_###_ice cap,{},{},"[""glacier"",""sky"",""ocean"",""ice cap""]"
19,274,2,Sun Nov 24 13:23:05 PST 2019,Sun Nov 24 13:30:41 PST 2019,456,i61j1noX0Kw.mp4,glacier_###_bay_###_piste_###_terrain_###_ocean_###_summit_###_sky_###_loch_###_moraine_###_mountain range_###_ice cap,{},{},"[""moraine"",""ocean"",""terrain"",""ice cap"",""bay"",""mountain range"",""piste"",""glacier"",""sky""]"
19,275,21,Sun Nov 24 13:22:43 PST 2019,Sun Nov 24 13:33:52 PST 2019,669,i61j1noX0Kw.mp4,glacier_###_bay_###_piste_###_terrain_###_ocean_###_summit_###_sky_###_loch_###_moraine_###_mountain range_###_ice cap,{},{},"[""ice cap"",""ocean"",""glacier""]"
19,276,9,Sun Nov 24 13:37:26 PST 2019,Sun Nov 24 13:47:37 PST 2019,611,i61j1noX0Kw.mp4,glacier_###_bay_###_piste_###_terrain_###_ocean_###_summit_###_sky_###_loch_###_moraine_###_mountain range_###_ice cap,{},{},"[""ocean"",""bay"",""glacier""]"
19,277,12,Sun Nov 24 13:24:06 PST 2019,Sun Nov 24 13:33:44 PST 2019,578,i61j1noX0Kw.mp4,glacier_###_bay_###_piste_###_terrain_###_ocean_###_summit_###_sky_###_loch_###_moraine_###_mountain range_###_ice cap,{},{},"[""sky"",""ocean"",""mountain range"",""ice cap"",""terrain"",""glacier""]"
19,278,23,Sun Nov 24 13:37:02 PST 2019,Sun Nov 24 13:47:11 PST 2019,609,i61j1noX0Kw.mp4,glacier_###_bay_###_piste_###_terrain_###_ocean_###_summit_###_sky_###_loch_###_moraine_###_mountain range_###_ice cap,{},{},"[""glacier"",""ocean"",""terrain"",""sky""]"
19,279,17,Sun Nov 24 13:23:03 PST 2019,Sun Nov 24 13:39:21 PST 2019,978,i61j1noX0Kw.mp4,glacier_###_bay_###_piste_###_terrain_###_ocean_###_summit_###_sky_###_loch_###_moraine_###_mountain range_###_ice cap,{},{},"[""glacier"",""mountain range"",""loch"",""sky"",""ocean"",""ice cap""]"
19,280,4,Sun Nov 24 13:58:58 PST 2019,Sun Nov 24 14:06:45 PST 2019,467,i61j1noX0Kw.mp4,glacier_###_bay_###_piste_###_terrain_###_ocean_###_summit_###_sky_###_loch_###_moraine_###_mountain range_###_ice cap,{},{},"[""ice cap"",""bay"",""ocean""]"
19,281,8,Sun Nov 24 13:26:34 PST 2019,Sun Nov 24 13:43:54 PST 2019,1040,i61j1noX0Kw.mp4,glacier_###_bay_###_piste_###_terrain_###_ocean_###_summit_###_sky_###_loch_###_moraine_###_mountain range_###_ice cap,{},{},"[""ice cap"",""ocean"",""bay""]"
19,282,7,Sun Nov 24 13:23:50 PST 2019,Sun Nov 24 13:30:35 PST 2019,405,i61j1noX0Kw.mp4,glacier_###_bay_###_piste_###_terrain_###_ocean_###_summit_###_sky_###_loch_###_moraine_###_mountain range_###_ice cap,{},{},"[""ocean"",""ice cap"",""glacier"",""bay""]"
19,283,16,Sun Nov 24 13:36:05 PST 2019,Sun Nov 24 13:45:20 PST 2019,555,i61j1noX0Kw.mp4,glacier_###_bay_###_piste_###_terrain_###_ocean_###_summit_###_sky_###_loch_###_moraine_###_mountain range_###_ice cap,{},{},"[""glacier"",""bay"",""ice cap"",""ocean""]"
19,284,6,Sun Nov 24 13:40:09 PST 2019,Sun Nov 24 13:40:56 PST 2019,47,i61j1noX0Kw.mp4,glacier_###_bay_###_piste_###_terrain_###_ocean_###_summit_###_sky_###_loch_###_moraine_###_mountain range_###_ice cap,{},{},"[""glacier"",""ocean"",""ice cap""]"
19,285,20,Sun Nov 24 13:29:43 PST 2019,Sun Nov 24 13:35:26 PST 2019,343,i61j1noX0Kw.mp4,glacier_###_bay_###_piste_###_terrain_###_ocean_###_summit_###_sky_###_loch_###_moraine_###_mountain range_###_ice cap,{},{},"[""ice cap"",""ocean"",""glacier"",""bay""]"
4,286,10,Sun Nov 24 13:25:50 PST 2019,Sun Nov 24 13:39:20 PST 2019,810,i61j1noX0Kw.mp4,lake_###_inlet_###_landscape_###_fell_###_biome_###_ecosystem_###_nunatak_###_coastal and oceanic landforms_###_glacial landform_###_mountain,{},{},"[""coastal and oceanic landforms"",""ecosystem"",""biome"",""glacial landform""]"
4,287,1,Sun Nov 24 13:30:19 PST 2019,Sun Nov 24 13:45:42 PST 2019,923,i61j1noX0Kw.mp4,lake_###_inlet_###_landscape_###_fell_###_biome_###_ecosystem_###_nunatak_###_coastal and oceanic landforms_###_glacial landform_###_mountain,It is about ocean and the animals for research.,{},"[""coastal and oceanic landforms"",""ecosystem""]"
4,288,15,Sun Nov 24 13:30:20 PST 2019,Sun Nov 24 13:31:29 PST 2019,69,i61j1noX0Kw.mp4,lake_###_inlet_###_landscape_###_fell_###_biome_###_ecosystem_###_nunatak_###_coastal and oceanic landforms_###_glacial landform_###_mountain,{},{},"[""biome"",""coastal and oceanic landforms"",""ecosystem""]"
4,289,21,Sun Nov 24 13:24:27 PST 2019,Sun Nov 24 13:37:03 PST 2019,756,i61j1noX0Kw.mp4,lake_###_inlet_###_landscape_###_fell_###_biome_###_ecosystem_###_nunatak_###_coastal and oceanic landforms_###_glacial landform_###_mountain,{},{},"[""coastal and oceanic landforms"",""glacial landform"",""lake""]"
4,290,8,Sun Nov 24 13:26:25 PST 2019,Sun Nov 24 13:39:48 PST 2019,803,i61j1noX0Kw.mp4,lake_###_inlet_###_landscape_###_fell_###_biome_###_ecosystem_###_nunatak_###_coastal and oceanic landforms_###_glacial landform_###_mountain,{},{},"[""lake"",""landscape"",""coastal and oceanic landforms""]"
4,291,23,Sun Nov 24 13:32:49 PST 2019,Sun Nov 24 13:36:33 PST 2019,224,i61j1noX0Kw.mp4,lake_###_inlet_###_landscape_###_fell_###_biome_###_ecosystem_###_nunatak_###_coastal and oceanic landforms_###_glacial landform_###_mountain,{},{},"[""biome"",""ecosystem"",""coastal and oceanic landforms"",""glacial landform""]"
4,292,5,Sun Nov 24 13:26:48 PST 2019,Sun Nov 24 13:34:02 PST 2019,434,i61j1noX0Kw.mp4,lake_###_inlet_###_landscape_###_fell_###_biome_###_ecosystem_###_nunatak_###_coastal and oceanic landforms_###_glacial landform_###_mountain,{},{},"[""glacial landform"",""landscape"",""coastal and oceanic landforms"",""biome"",""inlet"",""lake"",""ecosystem""]"
4,293,12,Sun Nov 24 13:24:00 PST 2019,Sun Nov 24 13:32:36 PST 2019,516,i61j1noX0Kw.mp4,lake_###_inlet_###_landscape_###_fell_###_biome_###_ecosystem_###_nunatak_###_coastal and oceanic landforms_###_glacial landform_###_mountain,{},{},"[""biome"",""coastal and oceanic landforms"",""ecosystem"",""mountain"",""glacial landform""]"
4,294,7,Sun Nov 24 13:22:50 PST 2019,Sun Nov 24 13:26:23 PST 2019,213,i61j1noX0Kw.mp4,lake_###_inlet_###_landscape_###_fell_###_biome_###_ecosystem_###_nunatak_###_coastal and oceanic landforms_###_glacial landform_###_mountain,{},{},"[""mountain"",""ecosystem"",""coastal and oceanic landforms"",""glacial landform""]"
4,295,17,Sun Nov 24 13:23:01 PST 2019,Sun Nov 24 13:38:00 PST 2019,899,i61j1noX0Kw.mp4,lake_###_inlet_###_landscape_###_fell_###_biome_###_ecosystem_###_nunatak_###_coastal and oceanic landforms_###_glacial landform_###_mountain,{},{},"[""ecosystem"",""coastal and oceanic landforms"",""nunatak"",""glacial landform""]"
4,296,19,Sun Nov 24 13:30:39 PST 2019,Sun Nov 24 13:39:20 PST 2019,521,i61j1noX0Kw.mp4,lake_###_inlet_###_landscape_###_fell_###_biome_###_ecosystem_###_nunatak_###_coastal and oceanic landforms_###_glacial landform_###_mountain,{},{},"[""glacial landform"",""coastal and oceanic landforms"",""biome"",""ecosystem""]"
4,297,2,Sun Nov 24 13:22:43 PST 2019,Sun Nov 24 13:26:14 PST 2019,211,i61j1noX0Kw.mp4,lake_###_inlet_###_landscape_###_fell_###_biome_###_ecosystem_###_nunatak_###_coastal and oceanic landforms_###_glacial landform_###_mountain,{},{},"[""ecosystem"",""mountain"",""coastal and oceanic landforms"",""biome"",""inlet"",""nunatak"",""glacial landform"",""landscape""]"
4,298,13,Sun Nov 24 13:30:00 PST 2019,Sun Nov 24 13:45:29 PST 2019,929,i61j1noX0Kw.mp4,lake_###_inlet_###_landscape_###_fell_###_biome_###_ecosystem_###_nunatak_###_coastal and oceanic landforms_###_glacial landform_###_mountain,{},{},"[""ecosystem"",""glacial landform"",""coastal and oceanic landforms""]"
4,299,16,Sun Nov 24 13:33:50 PST 2019,Sun Nov 24 13:38:01 PST 2019,251,i61j1noX0Kw.mp4,lake_###_inlet_###_landscape_###_fell_###_biome_###_ecosystem_###_nunatak_###_coastal and oceanic landforms_###_glacial landform_###_mountain,{},{},"[""biome"",""inlet"",""ecosystem"",""glacial landform"",""coastal and oceanic landforms""]"
4,300,6,Sun Nov 24 13:34:12 PST 2019,Sun Nov 24 13:37:16 PST 2019,184,i61j1noX0Kw.mp4,lake_###_inlet_###_landscape_###_fell_###_biome_###_ecosystem_###_nunatak_###_coastal and oceanic landforms_###_glacial landform_###_mountain,there was no Ocean tag,{},"[""glacial landform"",""biome"",""ecosystem""]"
11,301,4,Sun Nov 24 13:35:20 PST 2019,Sun Nov 24 13:49:55 PST 2019,875,8vdw-1aK6-o.mp4,impact crater_###_landscape_###_biome_###_glacial landform_###_mountain_###_terrain_###_piste_###_summit_###_planet_###_sky_###_outcrop_###_mountain range,{},{},"[""terrain"",""impact crater"",""planet""]"
11,302,22,Sun Nov 24 13:34:27 PST 2019,Sun Nov 24 13:50:48 PST 2019,981,8vdw-1aK6-o.mp4,impact crater_###_landscape_###_biome_###_glacial landform_###_mountain_###_terrain_###_piste_###_summit_###_planet_###_sky_###_outcrop_###_mountain range,{},{},"[""mountain range"",""glacial landform"",""biome"",""landscape"",""mountain"",""impact crater"",""planet""]"
11,303,9,Sun Nov 24 13:37:05 PST 2019,Sun Nov 24 13:39:51 PST 2019,166,8vdw-1aK6-o.mp4,impact crater_###_landscape_###_biome_###_glacial landform_###_mountain_###_terrain_###_piste_###_summit_###_planet_###_sky_###_outcrop_###_mountain range,{},{},"[""sky"",""landscape"",""mountain""]"
11,304,7,Sun Nov 24 13:22:58 PST 2019,Sun Nov 24 13:27:04 PST 2019,246,8vdw-1aK6-o.mp4,impact crater_###_landscape_###_biome_###_glacial landform_###_mountain_###_terrain_###_piste_###_summit_###_planet_###_sky_###_outcrop_###_mountain range,{},{},"[""mountain range"",""impact crater"",""sky"",""terrain""]"
11,305,20,Sun Nov 24 13:35:42 PST 2019,Sun Nov 24 13:42:19 PST 2019,397,8vdw-1aK6-o.mp4,impact crater_###_landscape_###_biome_###_glacial landform_###_mountain_###_terrain_###_piste_###_summit_###_planet_###_sky_###_outcrop_###_mountain range,{},{},"[""terrain"",""sky"",""impact crater"",""landscape""]"
11,306,21,Sun Nov 24 13:22:44 PST 2019,Sun Nov 24 13:34:30 PST 2019,706,8vdw-1aK6-o.mp4,impact crater_###_landscape_###_biome_###_glacial landform_###_mountain_###_terrain_###_piste_###_summit_###_planet_###_sky_###_outcrop_###_mountain range,{},{},"[""planet"",""landscape"",""impact crater""]"
11,307,12,Sun Nov 24 13:24:14 PST 2019,Sun Nov 24 13:36:17 PST 2019,723,8vdw-1aK6-o.mp4,impact crater_###_landscape_###_biome_###_glacial landform_###_mountain_###_terrain_###_piste_###_summit_###_planet_###_sky_###_outcrop_###_mountain range,{},{},"[""landscape"",""sky"",""biome"",""planet""]"
11,308,8,Sun Nov 24 13:26:20 PST 2019,Sun Nov 24 13:35:21 PST 2019,541,8vdw-1aK6-o.mp4,impact crater_###_landscape_###_biome_###_glacial landform_###_mountain_###_terrain_###_piste_###_summit_###_planet_###_sky_###_outcrop_###_mountain range,{},{},"[""landscape"",""planet"",""sky""]"
11,309,16,Sun Nov 24 13:36:06 PST 2019,Sun Nov 24 13:47:14 PST 2019,668,8vdw-1aK6-o.mp4,impact crater_###_landscape_###_biome_###_glacial landform_###_mountain_###_terrain_###_piste_###_summit_###_planet_###_sky_###_outcrop_###_mountain range,{},{},"[""impact crater"",""planet"",""sky""]"
11,310,17,Sun Nov 24 13:22:55 PST 2019,Sun Nov 24 13:25:23 PST 2019,148,8vdw-1aK6-o.mp4,impact crater_###_landscape_###_biome_###_glacial landform_###_mountain_###_terrain_###_piste_###_summit_###_planet_###_sky_###_outcrop_###_mountain range,{},{},"[""impact crater"",""sky"",""planet"",""terrain"",""mountain""]"
11,311,11,Sun Nov 24 13:33:19 PST 2019,Sun Nov 24 13:39:32 PST 2019,373,8vdw-1aK6-o.mp4,impact crater_###_landscape_###_biome_###_glacial landform_###_mountain_###_terrain_###_piste_###_summit_###_planet_###_sky_###_outcrop_###_mountain range,{},{},"[""impact crater"",""planet"",""glacial landform""]"
11,312,10,Sun Nov 24 13:23:39 PST 2019,Sun Nov 24 13:29:29 PST 2019,350,8vdw-1aK6-o.mp4,impact crater_###_landscape_###_biome_###_glacial landform_###_mountain_###_terrain_###_piste_###_summit_###_planet_###_sky_###_outcrop_###_mountain range,{},{},"[""sky"",""planet"",""terrain"",""mountain range""]"
11,313,23,Sun Nov 24 13:37:02 PST 2019,Sun Nov 24 13:47:35 PST 2019,633,8vdw-1aK6-o.mp4,impact crater_###_landscape_###_biome_###_glacial landform_###_mountain_###_terrain_###_piste_###_summit_###_planet_###_sky_###_outcrop_###_mountain range,{},{},"[""terrain"",""planet"",""landscape""]"
11,314,13,Sun Nov 24 13:29:55 PST 2019,Sun Nov 24 13:39:48 PST 2019,593,8vdw-1aK6-o.mp4,impact crater_###_landscape_###_biome_###_glacial landform_###_mountain_###_terrain_###_piste_###_summit_###_planet_###_sky_###_outcrop_###_mountain range,{},{},"[""planet"",""sky"",""terrain""]"
11,315,19,Sun Nov 24 13:30:34 PST 2019,Sun Nov 24 13:37:46 PST 2019,432,8vdw-1aK6-o.mp4,impact crater_###_landscape_###_biome_###_glacial landform_###_mountain_###_terrain_###_piste_###_summit_###_planet_###_sky_###_outcrop_###_mountain range,{},{},"[""planet"",""sky"",""landscape"",""impact crater"",""terrain""]"
13,316,9,Sun Nov 24 13:37:25 PST 2019,Sun Nov 24 13:46:10 PST 2019,525,8vdw-1aK6-o.mp4,place_###_fault_###_window_###_point_###_massif_###_earth_###_building_###_formation_###_atmosphere of earth_###_bedrock_###_igneous rock_###_space station,{},{},"[""igneous rock"",""formation"",""space station""]"
13,317,7,Sun Nov 24 13:24:02 PST 2019,Sun Nov 24 13:31:38 PST 2019,456,8vdw-1aK6-o.mp4,place_###_fault_###_window_###_point_###_massif_###_earth_###_building_###_formation_###_atmosphere of earth_###_bedrock_###_igneous rock_###_space station,{},{},"[""place"",""formation"",""building"",""fault""]"
13,318,14,Sun Nov 24 13:59:00 PST 2019,Sun Nov 24 14:17:43 PST 2019,1123,8vdw-1aK6-o.mp4,place_###_fault_###_window_###_point_###_massif_###_earth_###_building_###_formation_###_atmosphere of earth_###_bedrock_###_igneous rock_###_space station,Most of the tags deal with geological features of Earth and are not related to the space lander landing on the comet.,{},"[""earth"",""building""]"
13,319,12,Sun Nov 24 13:23:46 PST 2019,Sun Nov 24 13:29:08 PST 2019,322,8vdw-1aK6-o.mp4,place_###_fault_###_window_###_point_###_massif_###_earth_###_building_###_formation_###_atmosphere of earth_###_bedrock_###_igneous rock_###_space station,{},{},"[""building"",""earth"",""formation"",""space station"",""atmosphere of earth""]"
13,320,10,Sun Nov 24 13:24:14 PST 2019,Sun Nov 24 13:36:25 PST 2019,731,8vdw-1aK6-o.mp4,place_###_fault_###_window_###_point_###_massif_###_earth_###_building_###_formation_###_atmosphere of earth_###_bedrock_###_igneous rock_###_space station,{},{},"[""igneous rock"",""space station"",""point""]"
13,321,20,Sun Nov 24 13:36:19 PST 2019,Sun Nov 24 13:51:45 PST 2019,926,8vdw-1aK6-o.mp4,place_###_fault_###_window_###_point_###_massif_###_earth_###_building_###_formation_###_atmosphere of earth_###_bedrock_###_igneous rock_###_space station,the location is not relevant to earth but instead to space and an asteroid.,"The location isn't related to earth and its landscape, instead a comet in space.",[]
13,322,17,Sun Nov 24 13:23:13 PST 2019,Sun Nov 24 13:42:22 PST 2019,1149,8vdw-1aK6-o.mp4,place_###_fault_###_window_###_point_###_massif_###_earth_###_building_###_formation_###_atmosphere of earth_###_bedrock_###_igneous rock_###_space station,{},{},"[""space station"",""earth"",""atmosphere of earth"",""window"",""bedrock"",""formation""]"
13,323,19,Sun Nov 24 13:30:24 PST 2019,Sun Nov 24 13:34:47 PST 2019,263,8vdw-1aK6-o.mp4,place_###_fault_###_window_###_point_###_massif_###_earth_###_building_###_formation_###_atmosphere of earth_###_bedrock_###_igneous rock_###_space station,{},{},"[""earth"",""space station"",""formation"",""atmosphere of earth""]"
13,324,5,Sun Nov 24 13:23:46 PST 2019,Sun Nov 24 13:27:13 PST 2019,207,8vdw-1aK6-o.mp4,place_###_fault_###_window_###_point_###_massif_###_earth_###_building_###_formation_###_atmosphere of earth_###_bedrock_###_igneous rock_###_space station,{},{},"[""atmosphere of earth"",""space station"",""earth""]"
13,325,22,Sun Nov 24 13:30:50 PST 2019,Sun Nov 24 13:44:15 PST 2019,805,8vdw-1aK6-o.mp4,place_###_fault_###_window_###_point_###_massif_###_earth_###_building_###_formation_###_atmosphere of earth_###_bedrock_###_igneous rock_###_space station,{},{},"[""atmosphere of earth"",""igneous rock"",""bedrock"",""place"",""formation"",""space station""]"
13,326,2,Sun Nov 24 13:31:52 PST 2019,Sun Nov 24 13:47:18 PST 2019,926,8vdw-1aK6-o.mp4,place_###_fault_###_window_###_point_###_massif_###_earth_###_building_###_formation_###_atmosphere of earth_###_bedrock_###_igneous rock_###_space station,{},{},"[""space station"",""atmosphere of earth"",""earth"",""bedrock"",""igneous rock"",""formation""]"
13,327,23,Sun Nov 24 13:32:55 PST 2019,Sun Nov 24 13:44:09 PST 2019,674,8vdw-1aK6-o.mp4,place_###_fault_###_window_###_point_###_massif_###_earth_###_building_###_formation_###_atmosphere of earth_###_bedrock_###_igneous rock_###_space station,{},{},"[""window"",""place"",""earth""]"
13,328,13,Sun Nov 24 13:29:52 PST 2019,Sun Nov 24 13:38:12 PST 2019,500,8vdw-1aK6-o.mp4,place_###_fault_###_window_###_point_###_massif_###_earth_###_building_###_formation_###_atmosphere of earth_###_bedrock_###_igneous rock_###_space station,{},{},"[""earth"",""atmosphere of earth"",""space station""]"
13,329,21,Sun Nov 24 13:22:44 PST 2019,Sun Nov 24 13:35:08 PST 2019,744,8vdw-1aK6-o.mp4,place_###_fault_###_window_###_point_###_massif_###_earth_###_building_###_formation_###_atmosphere of earth_###_bedrock_###_igneous rock_###_space station,{},{},"[""bedrock"",""atmosphere of earth"",""earth""]"
13,330,8,Sun Nov 24 13:26:21 PST 2019,Sun Nov 24 13:35:42 PST 2019,561,8vdw-1aK6-o.mp4,place_###_fault_###_window_###_point_###_massif_###_earth_###_building_###_formation_###_atmosphere of earth_###_bedrock_###_igneous rock_###_space station,{},{},"[""formation"",""earth"",""atmosphere of earth"",""space station""]"
